path,label
/home/jing/project/dataset/VadCLIP/XD-Violence/XDTestClipFeatures/Bad.Boys.1995__#01-11-55_01-12-40_label_G-B2-B6__0.npy,G-B2-B6
/home/jing/project/dataset/VadCLIP/XD-Violence/XDTestClipFeatures/Bad.Boys.1995__#01-33-51_01-34-37_label_B2-0-0__0.npy,B2-0-0
/home/jing/project/dataset/VadCLIP/XD-Violence/XDTestClipFeatures/Bad.Boys.II.2003__#00-06-42_00-10-00_label_B2-G-0__0.npy,B2-G-0
/home/jing/project/dataset/VadCLIP/XD-Violence/XDTestClipFeatures/Black.Hawk.Down.2001__#01-13-59_01-14-49_label_B2-0-0__0.npy,B2-0-0
/home/jing/project/dataset/VadCLIP/XD-Violence/XDTestClipFeatures/Black.Hawk.Down.2001__#01-32-40_01-34-00_label_B4-0-0__0.npy,B4-0-0
/home/jing/project/dataset/VadCLIP/XD-Violence/XDTestClipFeatures/Black.Hawk.Down.2001__#01-42-58_01-43-58_label_G-0-0__0.npy,G-0-0
/home/jing/project/dataset/VadCLIP/XD-Violence/XDTestClipFeatures/Black.Hawk.Down.2001__#02-00-12_02-01-29_label_B2-0-0__0.npy,B2-0-0
/home/jing/project/dataset/VadCLIP/XD-Violence/XDTestClipFeatures/Braveheart.1995__#00-56-30_00-57-20_label_B1-0-0__0.npy,B1-0-0
/home/jing/project/dataset/VadCLIP/XD-Violence/XDTestClipFeatures/Braveheart.1995__#01-26-50_01-32-30_label_B1-0-0__0.npy,B1-0-0
/home/jing/project/dataset/VadCLIP/XD-Violence/XDTestClipFeatures/Braveheart.1995__#02-05-34_02-06-40_label_B1-0-0__0.npy,B1-0-0
/home/jing/project/dataset/VadCLIP/XD-Violence/XDTestClipFeatures/Braveheart.1995__#02-07-00_02-08-15_label_B1-0-0__0.npy,B1-0-0
/home/jing/project/dataset/VadCLIP/XD-Violence/XDTestClipFeatures/Brick.Mansions.2014__#00-11-57_00-12-12_label_B2-0-0__0.npy,B2-0-0
/home/jing/project/dataset/VadCLIP/XD-Violence/XDTestClipFeatures/Brick.Mansions.2014__#00-16-26_00-17-12_label_B1-0-0__0.npy,B1-0-0
/home/jing/project/dataset/VadCLIP/XD-Violence/XDTestClipFeatures/Brick.Mansions.2014__#00-41-25_00-42-36_label_B1-0-0__0.npy,B1-0-0
/home/jing/project/dataset/VadCLIP/XD-Violence/XDTestClipFeatures/Brick.Mansions.2014__#01-02-00_01-02-43_label_B2-0-0__0.npy,B2-0-0
/home/jing/project/dataset/VadCLIP/XD-Violence/XDTestClipFeatures/Bullet.in.the.Head.1990__#00-17-20_00-18-55_label_B1-0-0__0.npy,B1-0-0
/home/jing/project/dataset/VadCLIP/XD-Violence/XDTestClipFeatures/Bullet.in.the.Head.1990__#00-23-31_00-24-40_label_G-0-0__0.npy,G-0-0
/home/jing/project/dataset/VadCLIP/XD-Violence/XDTestClipFeatures/Bullet.in.the.Head.1990__#00-41-30_00-44-16_label_B4-G-0__0.npy,B4-G-0
/home/jing/project/dataset/VadCLIP/XD-Violence/XDTestClipFeatures/Bullet.in.the.Head.1990__#01-26-30_01-27-34_label_B2-0-0__0.npy,B2-0-0
/home/jing/project/dataset/VadCLIP/XD-Violence/XDTestClipFeatures/Bullet.in.the.Head.1990__#01-45-21_01-46-20_label_B2-0-0__0.npy,B2-0-0
/home/jing/project/dataset/VadCLIP/XD-Violence/XDTestClipFeatures/Bullet.in.the.Head.1990__#02-02-00_02-05-22_label_B2-B6-G__0.npy,B2-B6-G
/home/jing/project/dataset/VadCLIP/XD-Violence/XDTestClipFeatures/Casino.Royale.2006__#00-18-30_00-19-20_label_G-B2-0__0.npy,G-B2-0
/home/jing/project/dataset/VadCLIP/XD-Violence/XDTestClipFeatures/Casino.Royale.2006__#00-50-05_00-51-16_label_B1-B2-B6__0.npy,B1-B2-B6
/home/jing/project/dataset/VadCLIP/XD-Violence/XDTestClipFeatures/Casino.Royale.2006__#00-51-16_00-52-41_label_B1-B6-0__0.npy,B1-B6-0
/home/jing/project/dataset/VadCLIP/XD-Violence/XDTestClipFeatures/Casino.Royale.2006__#01-17-29_01-17-46_label_B1-0-0__0.npy,B1-0-0
/home/jing/project/dataset/VadCLIP/XD-Violence/XDTestClipFeatures/Casino.Royale.2006__#01-46-40_01-47-14_label_B6-0-0__0.npy,B6-0-0
/home/jing/project/dataset/VadCLIP/XD-Violence/XDTestClipFeatures/City.Of.Men.2007__#00-51-50_00-53-31_label_B2-0-0__0.npy,B2-0-0
/home/jing/project/dataset/VadCLIP/XD-Violence/XDTestClipFeatures/City.Of.Men.2007__#00-57-37_00-58-27_label_B2-0-0__0.npy,B2-0-0
/home/jing/project/dataset/VadCLIP/XD-Violence/XDTestClipFeatures/City.Of.Men.2007__#01-17-27_01-17-59_label_B2-0-0__0.npy,B2-0-0
/home/jing/project/dataset/VadCLIP/XD-Violence/XDTestClipFeatures/City.Of.Men.2007__#01-35-30_01-36-00_label_B2-0-0__0.npy,B2-0-0
/home/jing/project/dataset/VadCLIP/XD-Violence/XDTestClipFeatures/City.of.God.2002__#00-37-20_00-38-02_label_B5-0-0__0.npy,B5-0-0
/home/jing/project/dataset/VadCLIP/XD-Violence/XDTestClipFeatures/City.of.God.2002__#00-40-16_00-41-30_label_B2-0-0__0.npy,B2-0-0
/home/jing/project/dataset/VadCLIP/XD-Violence/XDTestClipFeatures/City.of.God.2002__#01-24-10_01-25-10_label_B2-0-0__0.npy,B2-0-0
/home/jing/project/dataset/VadCLIP/XD-Violence/XDTestClipFeatures/City.of.God.2002__#01-52-20_01-54-32_label_B2-0-0__0.npy,B2-0-0
/home/jing/project/dataset/VadCLIP/XD-Violence/XDTestClipFeatures/Crank.Dircut.2006__#0-27-42_0-29-01_label_B1-0-0__0.npy,B1-0-0
/home/jing/project/dataset/VadCLIP/XD-Violence/XDTestClipFeatures/Deadpool.2.2018__#0-04-46_0-05-01_label_B2-0-0__0.npy,B2-0-0
/home/jing/project/dataset/VadCLIP/XD-Violence/XDTestClipFeatures/Deadpool.2.2018__#0-50-30_0-51-20_label_B1-0-0__0.npy,B1-0-0
/home/jing/project/dataset/VadCLIP/XD-Violence/XDTestClipFeatures/Deadpool.2.2018__#01-03-09_01-03-54_label_B4-0-0__0.npy,B4-0-0
/home/jing/project/dataset/VadCLIP/XD-Violence/XDTestClipFeatures/Deadpool.2016__#0-18-58_0-19-20_label_B1-0-0__0.npy,B1-0-0
/home/jing/project/dataset/VadCLIP/XD-Violence/XDTestClipFeatures/Death.Proof.2007__#00-45-05_00-47-36_label_B5-0-0__0.npy,B5-0-0
/home/jing/project/dataset/VadCLIP/XD-Violence/XDTestClipFeatures/Death.Proof.2007__#01-40-41_01-42-17_label_B5-B6-0__0.npy,B5-B6-0
/home/jing/project/dataset/VadCLIP/XD-Violence/XDTestClipFeatures/Desperado.1995__#00-16-48_00-18-52_label_B1-0-0__0.npy,B1-0-0
/home/jing/project/dataset/VadCLIP/XD-Violence/XDTestClipFeatures/Desperado.1995__#00-38-36_00-39-21_label_B1-B2-0__0.npy,B1-B2-0
/home/jing/project/dataset/VadCLIP/XD-Violence/XDTestClipFeatures/Desperado.1995__#01-14-11_01-17-28_label_B2-G-0__0.npy,B2-G-0
/home/jing/project/dataset/VadCLIP/XD-Violence/XDTestClipFeatures/Election.2005__#00-47-57_00-50-54_label_B5-0-0__0.npy,B5-0-0
/home/jing/project/dataset/VadCLIP/XD-Violence/XDTestClipFeatures/Fast.Five.2011__#00-01-41_00-01-57_label_B6-0-0__0.npy,B6-0-0
/home/jing/project/dataset/VadCLIP/XD-Violence/XDTestClipFeatures/Fast.Five.2011__#00-32-05_00-32-24_label_B1-B2-0__0.npy,B1-B2-0
/home/jing/project/dataset/VadCLIP/XD-Violence/XDTestClipFeatures/Fast.Five.2011__#00-32-56_00-33-26_label_B2-0-0__0.npy,B2-0-0
/home/jing/project/dataset/VadCLIP/XD-Violence/XDTestClipFeatures/Fast.Five.2011__#01-29-27_01-32-05_label_B1-0-0__0.npy,B1-0-0
/home/jing/project/dataset/VadCLIP/XD-Violence/XDTestClipFeatures/Fast.Furious.2009__#00-21-06_00-21-57_label_B6-B2-0__0.npy,B6-B2-0
/home/jing/project/dataset/VadCLIP/XD-Violence/XDTestClipFeatures/Fast.Furious.2009__#00-25-59_00-26-25_label_B1-0-0__0.npy,B1-0-0
/home/jing/project/dataset/VadCLIP/XD-Violence/XDTestClipFeatures/Fast.Furious.2009__#00-42-10_00-42-41_label_B6-0-0__0.npy,B6-0-0
/home/jing/project/dataset/VadCLIP/XD-Violence/XDTestClipFeatures/Fast.Furious.2009__#01-18-00_01-19-00_label_B2-B6-0__0.npy,B2-B6-0
/home/jing/project/dataset/VadCLIP/XD-Violence/XDTestClipFeatures/Fast.Furious.2009__#01-29-10_01-29-55_label_B2-0-0__0.npy,B2-0-0
/home/jing/project/dataset/VadCLIP/XD-Violence/XDTestClipFeatures/Fast.Furious.6.2013__#00-45-40_00-47-13_label_B2-0-0__0.npy,B2-0-0
/home/jing/project/dataset/VadCLIP/XD-Violence/XDTestClipFeatures/Fast.Furious.6.2013__#01-03-25_01-04-59_label_B1-0-0__0.npy,B1-0-0
/home/jing/project/dataset/VadCLIP/XD-Violence/XDTestClipFeatures/Fast.Furious.6.2013__#01-38-33_01-39-20_label_B1-0-0__0.npy,B1-0-0
/home/jing/project/dataset/VadCLIP/XD-Violence/XDTestClipFeatures/Fury.2014__#00-07-30_00-07-58_label_G-0-0__0.npy,G-0-0
/home/jing/project/dataset/VadCLIP/XD-Violence/XDTestClipFeatures/Fury.2014__#00-39-36_00-40-44_label_B1-B2-0__0.npy,B1-B2-0
/home/jing/project/dataset/VadCLIP/XD-Violence/XDTestClipFeatures/Gladiator.2000__#01-10-27_01-11-59_label_B1-0-0__0.npy,B1-0-0
/home/jing/project/dataset/VadCLIP/XD-Violence/XDTestClipFeatures/God.Bless.America.2011__#00-12-40_00-13-12_label_B2-0-0__0.npy,B2-0-0
/home/jing/project/dataset/VadCLIP/XD-Violence/XDTestClipFeatures/God.Bless.America.2011__#00-38-25_00-39-37_label_B2-B5-0__0.npy,B2-B5-0
/home/jing/project/dataset/VadCLIP/XD-Violence/XDTestClipFeatures/God.Bless.America.2011__#01-32-00_01-32-50_label_B2-0-0__0.npy,B2-0-0
/home/jing/project/dataset/VadCLIP/XD-Violence/XDTestClipFeatures/GoldenEye.1995__#00-10-00_00-10-40_label_G-0-0__0.npy,G-0-0
/home/jing/project/dataset/VadCLIP/XD-Violence/XDTestClipFeatures/GoldenEye.1995__#00-24-53_00-25-06_label_B1-0-0__0.npy,B1-0-0
/home/jing/project/dataset/VadCLIP/XD-Violence/XDTestClipFeatures/GoldenEye.1995__#01-17-05_01-19-57_label_B2-B1-0__0.npy,B2-B1-0
/home/jing/project/dataset/VadCLIP/XD-Violence/XDTestClipFeatures/GoldenEye.1995__#02-02-15_02-02-47_label_B1-0-0__0.npy,B1-0-0
/home/jing/project/dataset/VadCLIP/XD-Violence/XDTestClipFeatures/GoldenEye.1995__#02-03-40_02-04-13_label_G-0-0__0.npy,G-0-0
/home/jing/project/dataset/VadCLIP/XD-Violence/XDTestClipFeatures/Haywire.2011__#00-03-51_00-05-12_label_B1-B2-0__0.npy,B1-B2-0
/home/jing/project/dataset/VadCLIP/XD-Violence/XDTestClipFeatures/Haywire.2011__#00-16-07_00-16-49_label_B1-0-0__0.npy,B1-0-0
/home/jing/project/dataset/VadCLIP/XD-Violence/XDTestClipFeatures/Haywire.2011__#00-39-07_00-41-48_label_B1-B2-0__0.npy,B1-B2-0
/home/jing/project/dataset/VadCLIP/XD-Violence/XDTestClipFeatures/Haywire.2011__#01-20-20_01-21-57_label_B1-0-0__0.npy,B1-0-0
/home/jing/project/dataset/VadCLIP/XD-Violence/XDTestClipFeatures/IP.Man.2.2010__#00-07-14_00-09-13_label_B1-0-0__0.npy,B1-0-0
/home/jing/project/dataset/VadCLIP/XD-Violence/XDTestClipFeatures/IP.Man.2.2010__#01-35-55_01-39-11_label_B1-0-0__0.npy,B1-0-0
/home/jing/project/dataset/VadCLIP/XD-Violence/XDTestClipFeatures/Ip.Man.2008__#00-46-51_00-47-30_label_B1-0-0__0.npy,B1-0-0
/home/jing/project/dataset/VadCLIP/XD-Violence/XDTestClipFeatures/Ip.Man.2008__#00-48-57_00-50-47_label_B1-0-0__0.npy,B1-0-0
/home/jing/project/dataset/VadCLIP/XD-Violence/XDTestClipFeatures/Ip.Man.2008__#01-14-31_01-15-24_label_B1-0-0__0.npy,B1-0-0
/home/jing/project/dataset/VadCLIP/XD-Violence/XDTestClipFeatures/Ip.Man.2008__#01-40-37_01-42-07_label_B4-0-0__0.npy,B4-0-0
/home/jing/project/dataset/VadCLIP/XD-Violence/XDTestClipFeatures/Ip.Man.3.2015__#00-17-51_00-18-51_label_B1-0-0__0.npy,B1-0-0
/home/jing/project/dataset/VadCLIP/XD-Violence/XDTestClipFeatures/Ip.Man.3.2015__#00-44-45_00-45-08_label_B1-0-0__0.npy,B1-0-0
/home/jing/project/dataset/VadCLIP/XD-Violence/XDTestClipFeatures/Ip.Man.3.2015__#00-46-08_00-54-20_label_B1-0-0__0.npy,B1-0-0
/home/jing/project/dataset/VadCLIP/XD-Violence/XDTestClipFeatures/Jason.Bourne.2016__#0-17-25_0-18-53_label_B4-0-0__0.npy,B4-0-0
/home/jing/project/dataset/VadCLIP/XD-Violence/XDTestClipFeatures/Jason.Bourne.2016__#0-29-48_0-30-29_label_B4-0-0__0.npy,B4-0-0
/home/jing/project/dataset/VadCLIP/XD-Violence/XDTestClipFeatures/Jason.Bourne.2016__#0-50-20_0-50-30_label_G-0-0__0.npy,G-0-0
/home/jing/project/dataset/VadCLIP/XD-Violence/XDTestClipFeatures/Kill.Bill.Vol.1.2003__#01-17-20_01-20-20_label_B1-0-0__0.npy,B1-0-0
/home/jing/project/dataset/VadCLIP/XD-Violence/XDTestClipFeatures/Kill.Bill.Vol.1.2003__#01-21-39_01-26-55_label_B1-0-0__0.npy,B1-0-0
/home/jing/project/dataset/VadCLIP/XD-Violence/XDTestClipFeatures/Kill.Bill.Vol.1.2003__#01-26-56_01-28-18_label_B1-0-0__0.npy,B1-0-0
/home/jing/project/dataset/VadCLIP/XD-Violence/XDTestClipFeatures/Kill.Bill.Vol.2.2004__#0-25-20_0-26-20_label_B2-0-0__0.npy,B2-0-0
/home/jing/project/dataset/VadCLIP/XD-Violence/XDTestClipFeatures/Kingsman.The.Golden.Circle.2017__#00-35-55_00-36-35_label_B1-0-0__0.npy,B1-0-0
/home/jing/project/dataset/VadCLIP/XD-Violence/XDTestClipFeatures/Kingsman.The.Golden.Circle.2017__#00-41-22_00-41-32_label_B2-0-0__0.npy,B2-0-0
/home/jing/project/dataset/VadCLIP/XD-Violence/XDTestClipFeatures/Kingsman.The.Secret.Service.2014__#00-22-10_00-23-10_label_B2-0-0__0.npy,B2-0-0
/home/jing/project/dataset/VadCLIP/XD-Violence/XDTestClipFeatures/Kingsman.The.Secret.Service.2014__#01-43-40_01-44-50_label_B2-G-0__0.npy,B2-G-0
/home/jing/project/dataset/VadCLIP/XD-Violence/XDTestClipFeatures/Law.Abiding.Citizen.2009__#01-26-34_01-27-25_label_B2-0-0__0.npy,B2-0-0
/home/jing/project/dataset/VadCLIP/XD-Violence/XDTestClipFeatures/Lord.of.War__#00-50-10_00-50-50_label_G-0-0__0.npy,G-0-0
/home/jing/project/dataset/VadCLIP/XD-Violence/XDTestClipFeatures/Lord.of.War__#01-41-04_01-41-53_label_B1-0-0__0.npy,B1-0-0
/home/jing/project/dataset/VadCLIP/XD-Violence/XDTestClipFeatures/Love.Death.and.Robots.S01E10__#0-01-00_0-02-13_label_B2-G-0__0.npy,B2-G-0
/home/jing/project/dataset/VadCLIP/XD-Violence/XDTestClipFeatures/Love.Death.and.Robots.S01E13__#0-11-48_0-12-07_label_G-0-0__0.npy,G-0-0
/home/jing/project/dataset/VadCLIP/XD-Violence/XDTestClipFeatures/Love.Death.and.Robots.S01E15__#0-05-38_0-06-18_label_G-0-0__0.npy,G-0-0
/home/jing/project/dataset/VadCLIP/XD-Violence/XDTestClipFeatures/Mindhunters.2004__#01-19-00_01-20-05_label_B2-0-0__0.npy,B2-0-0
/home/jing/project/dataset/VadCLIP/XD-Violence/XDTestClipFeatures/Mission.Impossible.Fallout.2018__#00-31-21_00-32-50_label_B1-0-0__0.npy,B1-0-0
/home/jing/project/dataset/VadCLIP/XD-Violence/XDTestClipFeatures/Mission.Impossible.Fallout.2018__#00-39-18_00-40-36_label_B1-0-0__0.npy,B1-0-0
/home/jing/project/dataset/VadCLIP/XD-Violence/XDTestClipFeatures/Mission.Impossible.Fallout.2018__#02-03-50_02-04-35_label_B1-0-0__0.npy,B1-0-0
/home/jing/project/dataset/VadCLIP/XD-Violence/XDTestClipFeatures/Mission.Impossible.Ghost.Protocol.2011__#00-01-18_00-01-40_label_B2-0-0__0.npy,B2-0-0
/home/jing/project/dataset/VadCLIP/XD-Violence/XDTestClipFeatures/Mission.Impossible.Ghost.Protocol.2011__#01-12-38_01-13-43_label_B1-0-0__0.npy,B1-0-0
/home/jing/project/dataset/VadCLIP/XD-Violence/XDTestClipFeatures/Mission.Impossible.Ghost.Protocol.2011__#01-54-24_01-54-50_label_B1-0-0__0.npy,B1-0-0
/home/jing/project/dataset/VadCLIP/XD-Violence/XDTestClipFeatures/Mission.Impossible.Ghost.Protocol.2011__#01-56-52_01-57-03_label_B1-0-0__0.npy,B1-0-0
/home/jing/project/dataset/VadCLIP/XD-Violence/XDTestClipFeatures/Mission.Impossible.II.2000__#01-18-55_01-20-53_label_B2-0-0__0.npy,B2-0-0
/home/jing/project/dataset/VadCLIP/XD-Violence/XDTestClipFeatures/Mission.Impossible.II.2000__#01-25-08_01-25-31_label_B2-0-0__0.npy,B2-0-0
/home/jing/project/dataset/VadCLIP/XD-Violence/XDTestClipFeatures/Mission.Impossible.II.2000__#01-29-30_01-29-44_label_B1-0-0__0.npy,B1-0-0
/home/jing/project/dataset/VadCLIP/XD-Violence/XDTestClipFeatures/Mission.Impossible.II.2000__#01-32-56_01-33-25_label_B1-0-0__0.npy,B1-0-0
/home/jing/project/dataset/VadCLIP/XD-Violence/XDTestClipFeatures/Mission.Impossible.II.2000__#01-38-25_01-38-41_label_B2-B5-0__0.npy,B2-B5-0
/home/jing/project/dataset/VadCLIP/XD-Violence/XDTestClipFeatures/Mission.Impossible.II.2000__#01-46-20_01-47-11_label_B2-B6-0__0.npy,B2-B6-0
/home/jing/project/dataset/VadCLIP/XD-Violence/XDTestClipFeatures/Mission.Impossible.III.2006__#00-19-56_00-20-26_label_B2-0-0__0.npy,B2-0-0
/home/jing/project/dataset/VadCLIP/XD-Violence/XDTestClipFeatures/Mission.Impossible.III.2006__#00-56-23_00-56-40_label_G-0-0__0.npy,G-0-0
/home/jing/project/dataset/VadCLIP/XD-Violence/XDTestClipFeatures/Mission.Impossible.III.2006__#01-06-52_01-07-15_label_G-0-0__0.npy,G-0-0
/home/jing/project/dataset/VadCLIP/XD-Violence/XDTestClipFeatures/Mission.Impossible.III.2006__#01-54-02_01-54-40_label_B2-0-0__0.npy,B2-0-0
/home/jing/project/dataset/VadCLIP/XD-Violence/XDTestClipFeatures/Mission.Impossible.V.Rogue.Nation.2015__#00-14-40_00-17-12_label_B1-0-0__0.npy,B1-0-0
/home/jing/project/dataset/VadCLIP/XD-Violence/XDTestClipFeatures/Mission.Impossible.V.Rogue.Nation.2015__#00-17-27_00-17-55_label_B2-0-0__0.npy,B2-0-0
/home/jing/project/dataset/VadCLIP/XD-Violence/XDTestClipFeatures/Mission.Impossible.V.Rogue.Nation.2015__#01-15-52_01-16-48_label_B6-B2-0__0.npy,B6-B2-0
/home/jing/project/dataset/VadCLIP/XD-Violence/XDTestClipFeatures/Mission.Impossible.V.Rogue.Nation.2015__#01-19-48_01-20-20_label_B6-0-0__0.npy,B6-0-0
/home/jing/project/dataset/VadCLIP/XD-Violence/XDTestClipFeatures/Mission.Impossible.V.Rogue.Nation.2015__#01-54-23_01-55-10_label_B2-0-0__0.npy,B2-0-0
/home/jing/project/dataset/VadCLIP/XD-Violence/XDTestClipFeatures/New.Kids.Turbo.2010__#00-22-35_00-23-14_label_B1-0-0__0.npy,B1-0-0
/home/jing/project/dataset/VadCLIP/XD-Violence/XDTestClipFeatures/New.Kids.Turbo.2010__#00-50-13_00-50-34_label_B1-0-0__0.npy,B1-0-0
/home/jing/project/dataset/VadCLIP/XD-Violence/XDTestClipFeatures/Operation.Red.Sea.2018__#0-02-17_0-02-37_label_B2-0-0__0.npy,B2-0-0
/home/jing/project/dataset/VadCLIP/XD-Violence/XDTestClipFeatures/Operation.Red.Sea.2018__#0-16-06_0-16-46_label_G-0-0__0.npy,G-0-0
/home/jing/project/dataset/VadCLIP/XD-Violence/XDTestClipFeatures/Operation.Red.Sea.2018__#0-25-36_0-26-03_label_G-0-0__0.npy,G-0-0
/home/jing/project/dataset/VadCLIP/XD-Violence/XDTestClipFeatures/Operation.Red.Sea.2018__#0-29-36_0-30-20_label_B2-G-0__0.npy,B2-G-0
/home/jing/project/dataset/VadCLIP/XD-Violence/XDTestClipFeatures/Operation.Red.Sea.2018__#0-56-26_0-57-10_label_G-0-0__0.npy,G-0-0
/home/jing/project/dataset/VadCLIP/XD-Violence/XDTestClipFeatures/Operation.Red.Sea.2018__#01-20-58_01-22-00_label_B5-0-0__0.npy,B5-0-0
/home/jing/project/dataset/VadCLIP/XD-Violence/XDTestClipFeatures/Operation.Red.Sea.2018__#01-37-22_01-37-36_label_G-B2-0__0.npy,G-B2-0
/home/jing/project/dataset/VadCLIP/XD-Violence/XDTestClipFeatures/Quantum.Of.Solace.2008__#01-19-30_01-20-05_label_B1-0-0__0.npy,B1-0-0
/home/jing/project/dataset/VadCLIP/XD-Violence/XDTestClipFeatures/Quantum.Of.Solace.2008__#01-30-26_01-30-42_label_B2-B1-0__0.npy,B2-B1-0
/home/jing/project/dataset/VadCLIP/XD-Violence/XDTestClipFeatures/Rush.Hour.1998.BluRay__#00-08-08_00-09-15_label_B2-B6-G__0.npy,B2-B6-G
/home/jing/project/dataset/VadCLIP/XD-Violence/XDTestClipFeatures/Rush.Hour.1998.BluRay__#00-11-05_00-12-10_label_B2-B1-0__0.npy,B2-B1-0
/home/jing/project/dataset/VadCLIP/XD-Violence/XDTestClipFeatures/Rush.Hour.1998.BluRay__#01-20-28_01-21-38_label_B2-0-0__0.npy,B2-0-0
/home/jing/project/dataset/VadCLIP/XD-Violence/XDTestClipFeatures/Rush.Hour.1998.BluRay__#01-25-21_01-25-46_label_B2-0-0__0.npy,B2-0-0
/home/jing/project/dataset/VadCLIP/XD-Violence/XDTestClipFeatures/Rush.Hour.3.2007.BluRay__#00-04-59_00-05-31_label_B2-0-0__0.npy,B2-0-0
/home/jing/project/dataset/VadCLIP/XD-Violence/XDTestClipFeatures/Rush.Hour.3.2007.BluRay__#00-34-11_00-35-46_label_B1-0-0__0.npy,B1-0-0
/home/jing/project/dataset/VadCLIP/XD-Violence/XDTestClipFeatures/Rush.Hour.3.2007.BluRay__#00-40-56_00-41-52_label_B2-0-0__0.npy,B2-0-0
/home/jing/project/dataset/VadCLIP/XD-Violence/XDTestClipFeatures/Rush.Hour.3.2007.BluRay__#01-12-16_01-12-36_label_B1-0-0__0.npy,B1-0-0
/home/jing/project/dataset/VadCLIP/XD-Violence/XDTestClipFeatures/Salt.2010__#00-17-40_00-18-16_label_B1-0-0__0.npy,B1-0-0
/home/jing/project/dataset/VadCLIP/XD-Violence/XDTestClipFeatures/Salt.2010__#01-06-27_01-07-07_label_G-B2-0__0.npy,G-B2-0
/home/jing/project/dataset/VadCLIP/XD-Violence/XDTestClipFeatures/Salt.2010__#01-12-05_01-12-32_label_B2-G-0__0.npy,B2-G-0
/home/jing/project/dataset/VadCLIP/XD-Violence/XDTestClipFeatures/Saving.Private.Ryan.1998__#00-47-50_00-49-35_label_B2-0-0__0.npy,B2-0-0
/home/jing/project/dataset/VadCLIP/XD-Violence/XDTestClipFeatures/Saving.Private.Ryan.1998__#02-16-58_02-17-13_label_G-0-0__0.npy,G-0-0
/home/jing/project/dataset/VadCLIP/XD-Violence/XDTestClipFeatures/Saving.Private.Ryan.1998__#02-20-00_02-20-13_label_G-0-0__0.npy,G-0-0
/home/jing/project/dataset/VadCLIP/XD-Violence/XDTestClipFeatures/Saving.Private.Ryan.1998__#02-23-00_02-23-28_label_B1-0-0__0.npy,B1-0-0
/home/jing/project/dataset/VadCLIP/XD-Violence/XDTestClipFeatures/Saving.Private.Ryan.1998__#02-23-58_02-24-18_label_G-0-0__0.npy,G-0-0
/home/jing/project/dataset/VadCLIP/XD-Violence/XDTestClipFeatures/Saving.Private.Ryan.1998__#02-24-18_02-25-42_label_B1-0-0__0.npy,B1-0-0
/home/jing/project/dataset/VadCLIP/XD-Violence/XDTestClipFeatures/Saving.Private.Ryan.1998__#02-25-42_02-26-03_label_B2-0-0__0.npy,B2-0-0
/home/jing/project/dataset/VadCLIP/XD-Violence/XDTestClipFeatures/Shoot.Em.Up.2007__#00-32-40_00-35-10_label_B2-0-0__0.npy,B2-0-0
/home/jing/project/dataset/VadCLIP/XD-Violence/XDTestClipFeatures/Shoot.Em.Up.2007__#00-53-25_00-56-47_label_B2-0-0__0.npy,B2-0-0
/home/jing/project/dataset/VadCLIP/XD-Violence/XDTestClipFeatures/Shoot.Em.Up.2007__#00-56-56_00-57-15_label_B2-0-0__0.npy,B2-0-0
/home/jing/project/dataset/VadCLIP/XD-Violence/XDTestClipFeatures/Sin.City.2005__#0-06-42_0-07-06_label_B1-0-0__0.npy,B1-0-0
/home/jing/project/dataset/VadCLIP/XD-Violence/XDTestClipFeatures/Sin.City.2005__#0-10-40_0-11-40_label_B2-0-0__0.npy,B2-0-0
/home/jing/project/dataset/VadCLIP/XD-Violence/XDTestClipFeatures/Sin.City.2005__#0-22-04_0-22-18_label_B5-0-0__0.npy,B5-0-0
/home/jing/project/dataset/VadCLIP/XD-Violence/XDTestClipFeatures/Sin.City.2005__#0-29-34_0-29-56_label_B2-0-0__0.npy,B2-0-0
/home/jing/project/dataset/VadCLIP/XD-Violence/XDTestClipFeatures/Sin.City.2005__#0-32-00_0-32-16_label_B2-0-0__0.npy,B2-0-0
/home/jing/project/dataset/VadCLIP/XD-Violence/XDTestClipFeatures/Sin.City.2005__#0-43-45_0-44-01_label_B2-0-0__0.npy,B2-0-0
/home/jing/project/dataset/VadCLIP/XD-Violence/XDTestClipFeatures/Sin.City.2005__#01-19-08_01-19-23_label_G-0-0__0.npy,G-0-0
/home/jing/project/dataset/VadCLIP/XD-Violence/XDTestClipFeatures/Sin.City.2005__#01-51-59_01-52-29_label_B2-0-0__0.npy,B2-0-0
/home/jing/project/dataset/VadCLIP/XD-Violence/XDTestClipFeatures/Skyfall.2012__#00-03-22_00-03-40_label_B6-0-0__0.npy,B6-0-0
/home/jing/project/dataset/VadCLIP/XD-Violence/XDTestClipFeatures/Skyfall.2012__#00-06-10_00-06-25_label_B6-0-0__0.npy,B6-0-0
/home/jing/project/dataset/VadCLIP/XD-Violence/XDTestClipFeatures/Skyfall.2012__#01-20-05_01-20-20_label_B1-B2-0__0.npy,B1-B2-0
/home/jing/project/dataset/VadCLIP/XD-Violence/XDTestClipFeatures/Skyfall.2012__#01-55-44_01-56-57_label_B2-G-0__0.npy,B2-G-0
/home/jing/project/dataset/VadCLIP/XD-Violence/XDTestClipFeatures/Skyfall.2012__#01-57-40_01-58-00_label_B2-0-0__0.npy,B2-0-0
/home/jing/project/dataset/VadCLIP/XD-Violence/XDTestClipFeatures/Skyfall.2012__#02-08-44_02-09-17_label_B1-0-0__0.npy,B1-0-0
/home/jing/project/dataset/VadCLIP/XD-Violence/XDTestClipFeatures/Spectre.2015__#00-44-05_00-44-40_label_B1-B2-0__0.npy,B1-B2-0
/home/jing/project/dataset/VadCLIP/XD-Violence/XDTestClipFeatures/Spectre.2015__#01-08-58_01-09-20_label_B1-B2-0__0.npy,B1-B2-0
/home/jing/project/dataset/VadCLIP/XD-Violence/XDTestClipFeatures/Spectre.2015__#01-10-35_01-10-53_label_B2-0-0__0.npy,B2-0-0
/home/jing/project/dataset/VadCLIP/XD-Violence/XDTestClipFeatures/Spectre.2015__#01-32-55_01-35-40_label_B1-B2-0__0.npy,B1-B2-0
/home/jing/project/dataset/VadCLIP/XD-Violence/XDTestClipFeatures/Spectre.2015__#02-02-57_02-03-27_label_B1-B2-0__0.npy,B1-B2-0
/home/jing/project/dataset/VadCLIP/XD-Violence/XDTestClipFeatures/Spectre.2015__#02-15-30_02-16-05_label_G-0-0__0.npy,G-0-0
/home/jing/project/dataset/VadCLIP/XD-Violence/XDTestClipFeatures/Taken.2.UNRATED.EXTENDED.2012__#00-13-42_00-14-16_label_B5-0-0__0.npy,B5-0-0
/home/jing/project/dataset/VadCLIP/XD-Violence/XDTestClipFeatures/Taken.2.UNRATED.EXTENDED.2012__#00-45-50_00-46-20_label_G-0-0__0.npy,G-0-0
/home/jing/project/dataset/VadCLIP/XD-Violence/XDTestClipFeatures/Taken.2.UNRATED.EXTENDED.2012__#01-00-00_01-00-16_label_B2-0-0__0.npy,B2-0-0
/home/jing/project/dataset/VadCLIP/XD-Violence/XDTestClipFeatures/Taken.2.UNRATED.EXTENDED.2012__#01-06-28_01-06-49_label_B2-0-0__0.npy,B2-0-0
/home/jing/project/dataset/VadCLIP/XD-Violence/XDTestClipFeatures/Taken.2.UNRATED.EXTENDED.2012__#01-18-25_01-18-40_label_B2-0-0__0.npy,B2-0-0
/home/jing/project/dataset/VadCLIP/XD-Violence/XDTestClipFeatures/Taken.2.UNRATED.EXTENDED.2012__#01-18-40_01-19-00_label_B1-0-0__0.npy,B1-0-0
/home/jing/project/dataset/VadCLIP/XD-Violence/XDTestClipFeatures/Taken.3.2014__#00-03-58_00-04-16_label_B2-0-0__0.npy,B2-0-0
/home/jing/project/dataset/VadCLIP/XD-Violence/XDTestClipFeatures/Taken.3.2014__#01-04-50_01-05-05_label_B1-0-0__0.npy,B1-0-0
/home/jing/project/dataset/VadCLIP/XD-Violence/XDTestClipFeatures/Taken.3.2014__#01-09-26_01-09-54_label_G-0-0__0.npy,G-0-0
/home/jing/project/dataset/VadCLIP/XD-Violence/XDTestClipFeatures/Taken.3.2014__#01-12-48_01-14-30_label_B2-B1-0__0.npy,B2-B1-0
/home/jing/project/dataset/VadCLIP/XD-Violence/XDTestClipFeatures/Taken.3.2014__#01-19-13_01-19-30_label_B1-0-0__0.npy,B1-0-0
/home/jing/project/dataset/VadCLIP/XD-Violence/XDTestClipFeatures/Taken.Extended.Cut.2008__#00-33-51_00-34-03_label_B1-0-0__0.npy,B1-0-0
/home/jing/project/dataset/VadCLIP/XD-Violence/XDTestClipFeatures/Taken.Extended.Cut.2008__#00-50-45_00-51-04_label_B2-B6-0__0.npy,B2-B6-0
/home/jing/project/dataset/VadCLIP/XD-Violence/XDTestClipFeatures/The.Bourne.Identity.2002__#0-19-53_0-21-48_label_B1-0-0__0.npy,B1-0-0
/home/jing/project/dataset/VadCLIP/XD-Violence/XDTestClipFeatures/The.Bourne.Identity.2002__#0-54-45_0-56-25_label_B6-0-0__0.npy,B6-0-0
/home/jing/project/dataset/VadCLIP/XD-Violence/XDTestClipFeatures/The.Bourne.Identity.2002__#01-27-39_01-29-19_label_B2-0-0__0.npy,B2-0-0
/home/jing/project/dataset/VadCLIP/XD-Violence/XDTestClipFeatures/The.Bourne.Identity.2002__#01-45-00_01-45-46_label_B1-0-0__0.npy,B1-0-0
/home/jing/project/dataset/VadCLIP/XD-Violence/XDTestClipFeatures/The.Bourne.Legacy.2012__#0-39-56_0-40-15_label_G-0-0__0.npy,G-0-0
/home/jing/project/dataset/VadCLIP/XD-Violence/XDTestClipFeatures/The.Bourne.Legacy.2012__#0-59-18_01-01-52_label_B2-B1-0__0.npy,B2-B1-0
/home/jing/project/dataset/VadCLIP/XD-Violence/XDTestClipFeatures/The.Bourne.Ultimatum.2007__#01-26-27_01-28-03_label_B2-B6-0__0.npy,B2-B6-0
/home/jing/project/dataset/VadCLIP/XD-Violence/XDTestClipFeatures/The.Bourne.Ultimatum.2007__#01-44-02_01-44-11_label_B2-0-0__0.npy,B2-0-0
/home/jing/project/dataset/VadCLIP/XD-Violence/XDTestClipFeatures/The.Fast.and.the.Furious.2001__#00-29-00_00-29-52_label_B2-G-0__0.npy,B2-G-0
/home/jing/project/dataset/VadCLIP/XD-Violence/XDTestClipFeatures/The.Fast.and.the.Furious.2001__#00-52-18_00-53-36_label_B1-0-0__0.npy,B1-0-0
/home/jing/project/dataset/VadCLIP/XD-Violence/XDTestClipFeatures/The.Fast.and.the.Furious.2001__#01-14-04_01-15-20_label_B1-0-0__0.npy,B1-0-0
/home/jing/project/dataset/VadCLIP/XD-Violence/XDTestClipFeatures/The.Fast.and.the.Furious.2001__#01-24-18_01-25-05_label_B6-0-0__0.npy,B6-0-0
/home/jing/project/dataset/VadCLIP/XD-Violence/XDTestClipFeatures/The.Fast.and.the.Furious.2001__#01-37-40_01-38-30_label_B6-0-0__0.npy,B6-0-0
/home/jing/project/dataset/VadCLIP/XD-Violence/XDTestClipFeatures/The.Hurt.Locker.2008__#0-08-45_0-09-57_label_G-0-0__0.npy,G-0-0
/home/jing/project/dataset/VadCLIP/XD-Violence/XDTestClipFeatures/The.Hurt.Locker.2008__#0-19-22_0-22-32_label_B2-B1-0__0.npy,B2-B1-0
/home/jing/project/dataset/VadCLIP/XD-Violence/XDTestClipFeatures/The.Hurt.Locker.2008__#01-02-10_01-03-55_label_B2-0-0__0.npy,B2-0-0
/home/jing/project/dataset/VadCLIP/XD-Violence/XDTestClipFeatures/The.Hurt.Locker.2008__#01-27-42_01-28-09_label_G-0-0__0.npy,G-0-0
/home/jing/project/dataset/VadCLIP/XD-Violence/XDTestClipFeatures/The.World.Is.Not.Enough.1999__#00-07-04_00-07-45_label_G-B2-0__0.npy,G-B2-0
/home/jing/project/dataset/VadCLIP/XD-Violence/XDTestClipFeatures/The.World.Is.Not.Enough.1999__#00-10-22_00-10-40_label_G-0-0__0.npy,G-0-0
/home/jing/project/dataset/VadCLIP/XD-Violence/XDTestClipFeatures/Tropa.de.Elite.2.2010__#00-13-41_00-14-56_label_B4-0-0__0.npy,B4-0-0
/home/jing/project/dataset/VadCLIP/XD-Violence/XDTestClipFeatures/Tropa.de.Elite.2.2010__#00-42-00_00-43-00_label_B2-0-0__0.npy,B2-0-0
/home/jing/project/dataset/VadCLIP/XD-Violence/XDTestClipFeatures/Tropa.de.Elite.2.2010__#00-46-11_00-46-50_label_B2-0-0__0.npy,B2-0-0
/home/jing/project/dataset/VadCLIP/XD-Violence/XDTestClipFeatures/Tropa.de.Elite.2.2010__#01-33-01_01-33-30_label_B2-0-0__0.npy,B2-0-0
/home/jing/project/dataset/VadCLIP/XD-Violence/XDTestClipFeatures/Yellow.Sea.2010__#01-04-00_01-04-50_label_B1-0-0__0.npy,B1-0-0
/home/jing/project/dataset/VadCLIP/XD-Violence/XDTestClipFeatures/Yellow.Sea.2010__#01-05-40_01-06-47_label_B1-B2-0__0.npy,B1-B2-0
/home/jing/project/dataset/VadCLIP/XD-Violence/XDTestClipFeatures/Yellow.Sea.2010__#01-58-30_01-59-27_label_B5-0-0__0.npy,B5-0-0
/home/jing/project/dataset/VadCLIP/XD-Violence/XDTestClipFeatures/Young.And.Dangerous.I.1996__#0-20-50_0-22-15_label_B1-0-0__0.npy,B1-0-0
/home/jing/project/dataset/VadCLIP/XD-Violence/XDTestClipFeatures/Young.And.Dangerous.I.1996__#0-46-25_0-46-55_label_B6-0-0__0.npy,B6-0-0
/home/jing/project/dataset/VadCLIP/XD-Violence/XDTestClipFeatures/Young.And.Dangerous.I.1996__#0-46-57_0-48-57_label_B1-0-0__0.npy,B1-0-0
/home/jing/project/dataset/VadCLIP/XD-Violence/XDTestClipFeatures/Young.And.Dangerous.III.1996__#00-23-00_00-25-54_label_B4-0-0__0.npy,B4-0-0
/home/jing/project/dataset/VadCLIP/XD-Violence/XDTestClipFeatures/Young.And.Dangerous.IV.1997__#01-07-50_01-09-45_label_B1-0-0__0.npy,B1-0-0
/home/jing/project/dataset/VadCLIP/XD-Violence/XDTestClipFeatures/Young.And.Dangerous.IV.1997__#01-32-04_01-32-58_label_B1-0-0__0.npy,B1-0-0
/home/jing/project/dataset/VadCLIP/XD-Violence/XDTestClipFeatures/v=-etV57xZ4_I__#1_label_B4-0-0__0.npy,B4-0-0
/home/jing/project/dataset/VadCLIP/XD-Violence/XDTestClipFeatures/v=-fOWSLV6Esw__#1_label_B4-0-0__0.npy,B4-0-0
/home/jing/project/dataset/VadCLIP/XD-Violence/XDTestClipFeatures/v=-kwNh1lMU-w__#1_label_B4-0-0__0.npy,B4-0-0
/home/jing/project/dataset/VadCLIP/XD-Violence/XDTestClipFeatures/v=0N0PbzjEg0U__#1_label_B4-0-0__0.npy,B4-0-0
/home/jing/project/dataset/VadCLIP/XD-Violence/XDTestClipFeatures/v=0W8LohxH9nI__#1_label_B1-0-0__0.npy,B1-0-0
/home/jing/project/dataset/VadCLIP/XD-Violence/XDTestClipFeatures/v=0qtIjyt-7wg__#00-00-00_00-00-51_label_B6-0-0__0.npy,B6-0-0
/home/jing/project/dataset/VadCLIP/XD-Violence/XDTestClipFeatures/v=0qtIjyt-7wg__#00-01-00_00-02-45_label_B6-0-0__0.npy,B6-0-0
/home/jing/project/dataset/VadCLIP/XD-Violence/XDTestClipFeatures/v=0qtIjyt-7wg__#00-04-00_00-05-15_label_B6-0-0__0.npy,B6-0-0
/home/jing/project/dataset/VadCLIP/XD-Violence/XDTestClipFeatures/v=0yHBkMBE8r4__#1_label_B1-0-0__0.npy,B1-0-0
/home/jing/project/dataset/VadCLIP/XD-Violence/XDTestClipFeatures/v=15wDrZJQpsw__#00-00-00_00-00-51_label_B6-0-0__0.npy,B6-0-0
/home/jing/project/dataset/VadCLIP/XD-Violence/XDTestClipFeatures/v=15wDrZJQpsw__#00-05-20_00-06-20_label_B6-0-0__0.npy,B6-0-0
/home/jing/project/dataset/VadCLIP/XD-Violence/XDTestClipFeatures/v=15wDrZJQpsw__#00-09-00_00-10-55_label_B6-0-0__0.npy,B6-0-0
/home/jing/project/dataset/VadCLIP/XD-Violence/XDTestClipFeatures/v=1GFBuaGCeTo__#1_label_G-0-0__0.npy,G-0-0
/home/jing/project/dataset/VadCLIP/XD-Violence/XDTestClipFeatures/v=1djrJ0wxlYo__#1_label_B4-0-0__0.npy,B4-0-0
/home/jing/project/dataset/VadCLIP/XD-Violence/XDTestClipFeatures/v=1io9Uh54Vhg__#1_label_B4-0-0__0.npy,B4-0-0
/home/jing/project/dataset/VadCLIP/XD-Violence/XDTestClipFeatures/v=1q5V6DKH3bw__#1_label_B4-0-0__0.npy,B4-0-0
/home/jing/project/dataset/VadCLIP/XD-Violence/XDTestClipFeatures/v=251___mEwZA__#1_label_B1-0-0__0.npy,B1-0-0
/home/jing/project/dataset/VadCLIP/XD-Violence/XDTestClipFeatures/v=2Rr21qkZEDQ__#00-03-00_00-04-09_label_B6-0-0__0.npy,B6-0-0
/home/jing/project/dataset/VadCLIP/XD-Violence/XDTestClipFeatures/v=2Rr21qkZEDQ__#00-14-10_00-16-09_label_B6-0-0__0.npy,B6-0-0
/home/jing/project/dataset/VadCLIP/XD-Violence/XDTestClipFeatures/v=2WkuPNLfl5s__#1_label_B4-0-0__0.npy,B4-0-0
/home/jing/project/dataset/VadCLIP/XD-Violence/XDTestClipFeatures/v=2al4t5inObA__#1_label_B4-0-0__0.npy,B4-0-0
/home/jing/project/dataset/VadCLIP/XD-Violence/XDTestClipFeatures/v=2jwO15SMyuo__#1_label_B4-0-0__0.npy,B4-0-0
/home/jing/project/dataset/VadCLIP/XD-Violence/XDTestClipFeatures/v=35zynOrkvMk__#1_label_G-0-0__0.npy,G-0-0
/home/jing/project/dataset/VadCLIP/XD-Violence/XDTestClipFeatures/v=38GQ9L2meyE__#1_label_B6-0-0__0.npy,B6-0-0
/home/jing/project/dataset/VadCLIP/XD-Violence/XDTestClipFeatures/v=3WmMhircZOc__#1_label_B4-0-0__0.npy,B4-0-0
/home/jing/project/dataset/VadCLIP/XD-Violence/XDTestClipFeatures/v=3e3C-LQWF2s__#1_label_B1-0-0__0.npy,B1-0-0
/home/jing/project/dataset/VadCLIP/XD-Violence/XDTestClipFeatures/v=3wxWNAM8Cso__#1_label_G-0-0__0.npy,G-0-0
/home/jing/project/dataset/VadCLIP/XD-Violence/XDTestClipFeatures/v=3xWiBCIxjIk__#1_label_B4-0-0__0.npy,B4-0-0
/home/jing/project/dataset/VadCLIP/XD-Violence/XDTestClipFeatures/v=3xkwZk44VQs__#1_label_B4-0-0__0.npy,B4-0-0
/home/jing/project/dataset/VadCLIP/XD-Violence/XDTestClipFeatures/v=3y2OOc6WTrg__#1_label_B1-0-0__0.npy,B1-0-0
/home/jing/project/dataset/VadCLIP/XD-Violence/XDTestClipFeatures/v=3zgaqeVSXuI__#1_label_B4-0-0__0.npy,B4-0-0
/home/jing/project/dataset/VadCLIP/XD-Violence/XDTestClipFeatures/v=5BBoVfKOyeM__#00-08-19_00-10-10_label_B6-0-0__0.npy,B6-0-0
/home/jing/project/dataset/VadCLIP/XD-Violence/XDTestClipFeatures/v=5Ftl4nOSytc__#1_label_G-0-0__0.npy,G-0-0
/home/jing/project/dataset/VadCLIP/XD-Violence/XDTestClipFeatures/v=5Tnl7_8RqlA__#00-11-00_00-12-45_label_B6-0-0__0.npy,B6-0-0
/home/jing/project/dataset/VadCLIP/XD-Violence/XDTestClipFeatures/v=6KQFxxHmVMc__#1_label_B1-0-0__0.npy,B1-0-0
/home/jing/project/dataset/VadCLIP/XD-Violence/XDTestClipFeatures/v=6TR2rcgHm4g__#1_label_B4-0-0__0.npy,B4-0-0
/home/jing/project/dataset/VadCLIP/XD-Violence/XDTestClipFeatures/v=6nfo9c7a5pE__#1_label_B1-0-0__0.npy,B1-0-0
/home/jing/project/dataset/VadCLIP/XD-Violence/XDTestClipFeatures/v=73uRcX0Dvfc__#00-00-00_00-01-51_label_B6-G-0__0.npy,B6-G-0
/home/jing/project/dataset/VadCLIP/XD-Violence/XDTestClipFeatures/v=78u9uBJBqIw__#1_label_B4-B5-0__0.npy,B4-B5-0
/home/jing/project/dataset/VadCLIP/XD-Violence/XDTestClipFeatures/v=7QOdBpDrmKk__#00-01-00_00-02-45_label_B6-0-0__0.npy,B6-0-0
/home/jing/project/dataset/VadCLIP/XD-Violence/XDTestClipFeatures/v=7QOdBpDrmKk__#00-10-30_00-10-51_label_B6-0-0__0.npy,B6-0-0
/home/jing/project/dataset/VadCLIP/XD-Violence/XDTestClipFeatures/v=7isLhaNYgkU__#1_label_B4-0-0__0.npy,B4-0-0
/home/jing/project/dataset/VadCLIP/XD-Violence/XDTestClipFeatures/v=7rDRFFSUrPI__#00-01-50_00-02-32_label_G-0-0__0.npy,G-0-0
/home/jing/project/dataset/VadCLIP/XD-Violence/XDTestClipFeatures/v=7xQr5wYwNPg__#1_label_B4-0-0__0.npy,B4-0-0
/home/jing/project/dataset/VadCLIP/XD-Violence/XDTestClipFeatures/v=7zEFHKKBA0g__#1_label_B4-0-0__0.npy,B4-0-0
/home/jing/project/dataset/VadCLIP/XD-Violence/XDTestClipFeatures/v=8ewWXhYRUNs__#1_label_B1-0-0__0.npy,B1-0-0
/home/jing/project/dataset/VadCLIP/XD-Violence/XDTestClipFeatures/v=8oJMGgaww70__#1_label_B4-0-0__0.npy,B4-0-0
/home/jing/project/dataset/VadCLIP/XD-Violence/XDTestClipFeatures/v=8oTjTufJnXI__#1_label_G-0-0__0.npy,G-0-0
/home/jing/project/dataset/VadCLIP/XD-Violence/XDTestClipFeatures/v=8tqeeBGjnPg__#00-03-12_00-04-15_label_B6-0-0__0.npy,B6-0-0
/home/jing/project/dataset/VadCLIP/XD-Violence/XDTestClipFeatures/v=96N4XAJ7FKM__#1_label_B1-0-0__0.npy,B1-0-0
/home/jing/project/dataset/VadCLIP/XD-Violence/XDTestClipFeatures/v=9CWJd1SezkA__#1_label_G-0-0__0.npy,G-0-0
/home/jing/project/dataset/VadCLIP/XD-Violence/XDTestClipFeatures/v=9Jk2sIp5MRQ__#1_label_G-0-0__0.npy,G-0-0
/home/jing/project/dataset/VadCLIP/XD-Violence/XDTestClipFeatures/v=9Ydg5IeZpFI__#1_label_B1-0-0__0.npy,B1-0-0
/home/jing/project/dataset/VadCLIP/XD-Violence/XDTestClipFeatures/v=ADQNFs9bfFk__#00-00-00_00-00-58_label_B4-0-0__0.npy,B4-0-0
/home/jing/project/dataset/VadCLIP/XD-Violence/XDTestClipFeatures/v=AF9p0YA0hyA__#00-00-45_00-01-44_label_B4-0-0__0.npy,B4-0-0
/home/jing/project/dataset/VadCLIP/XD-Violence/XDTestClipFeatures/v=AF9p0YA0hyA__#00-03-03_00-04-20_label_B4-0-0__0.npy,B4-0-0
/home/jing/project/dataset/VadCLIP/XD-Violence/XDTestClipFeatures/v=BFPkt0AuSFA__#1_label_B4-0-0__0.npy,B4-0-0
/home/jing/project/dataset/VadCLIP/XD-Violence/XDTestClipFeatures/v=BQjKQbYgUBA__#1_label_B1-0-0__0.npy,B1-0-0
/home/jing/project/dataset/VadCLIP/XD-Violence/XDTestClipFeatures/v=BXR3d22BhHs__#00-06-00_00-07-00_label_B4-0-0__0.npy,B4-0-0
/home/jing/project/dataset/VadCLIP/XD-Violence/XDTestClipFeatures/v=BXR3d22BhHs__#00-07-00_00-08-00_label_B4-0-0__0.npy,B4-0-0
/home/jing/project/dataset/VadCLIP/XD-Violence/XDTestClipFeatures/v=BpargJW29Wo__#00-00-50_00-01-30_label_B1-0-0__0.npy,B1-0-0
/home/jing/project/dataset/VadCLIP/XD-Violence/XDTestClipFeatures/v=BzwNU2xmT64__#00-01-00_00-02-45_label_B6-0-0__0.npy,B6-0-0
/home/jing/project/dataset/VadCLIP/XD-Violence/XDTestClipFeatures/v=BzwNU2xmT64__#00-04-10_00-06-09_label_B6-0-0__0.npy,B6-0-0
/home/jing/project/dataset/VadCLIP/XD-Violence/XDTestClipFeatures/v=CFfc4UWzVB8__#00-00-00_00-00-30_label_B4-0-0__0.npy,B4-0-0
/home/jing/project/dataset/VadCLIP/XD-Violence/XDTestClipFeatures/v=CLFYvG6MsZU__#00-02-16_00-05-06_label_B2-0-0__0.npy,B2-0-0
/home/jing/project/dataset/VadCLIP/XD-Violence/XDTestClipFeatures/v=CUr-Mg8Hmh0__#1_label_G-0-0__0.npy,G-0-0
/home/jing/project/dataset/VadCLIP/XD-Violence/XDTestClipFeatures/v=CcD-YNlkMPY__#1_label_G-0-0__0.npy,G-0-0
/home/jing/project/dataset/VadCLIP/XD-Violence/XDTestClipFeatures/v=CczYDDDf22A__#1_label_G-0-0__0.npy,G-0-0
/home/jing/project/dataset/VadCLIP/XD-Violence/XDTestClipFeatures/v=CoxsDkB-rWU__#00-07-06_00-10-30_label_B4-0-0__0.npy,B4-0-0
/home/jing/project/dataset/VadCLIP/XD-Violence/XDTestClipFeatures/v=CvMpD1yqfxI__#1_label_G-0-0__0.npy,G-0-0
/home/jing/project/dataset/VadCLIP/XD-Violence/XDTestClipFeatures/v=D1eP4Bn4hDQ__#00-09-20_00-10-45_label_B6-0-0__0.npy,B6-0-0
/home/jing/project/dataset/VadCLIP/XD-Violence/XDTestClipFeatures/v=DD3jfKr8e-k__#00-00-00_00-01-40_label_B4-0-0__0.npy,B4-0-0
/home/jing/project/dataset/VadCLIP/XD-Violence/XDTestClipFeatures/v=DRGMajXo_PI__#00-02-15_00-03-02_label_G-0-0__0.npy,G-0-0
/home/jing/project/dataset/VadCLIP/XD-Violence/XDTestClipFeatures/v=DVdXoVUNkhg__#1_label_G-0-0__0.npy,G-0-0
/home/jing/project/dataset/VadCLIP/XD-Violence/XDTestClipFeatures/v=Dh-3BlhAOnE__#00-00-00_00-13-36_label_B4-0-0__0.npy,B4-0-0
/home/jing/project/dataset/VadCLIP/XD-Violence/XDTestClipFeatures/v=Dn_SDu22WpM__#00-08-35_00-10-05_label_B6-0-0__0.npy,B6-0-0
/home/jing/project/dataset/VadCLIP/XD-Violence/XDTestClipFeatures/v=DtxU8UYiFws__#1_label_G-0-0__0.npy,G-0-0
/home/jing/project/dataset/VadCLIP/XD-Violence/XDTestClipFeatures/v=EH_QB6cm6BE__#1_label_G-0-0__0.npy,G-0-0
/home/jing/project/dataset/VadCLIP/XD-Violence/XDTestClipFeatures/v=EOAfl8yMiN8__#00-00-00_00-00-51_label_B6-0-0__0.npy,B6-0-0
/home/jing/project/dataset/VadCLIP/XD-Violence/XDTestClipFeatures/v=EOAfl8yMiN8__#00-03-00_00-04-09_label_B6-0-0__0.npy,B6-0-0
/home/jing/project/dataset/VadCLIP/XD-Violence/XDTestClipFeatures/v=FRj2K0ulD8Q__#00-00-00_00-00-57_label_B4-0-0__0.npy,B4-0-0
/home/jing/project/dataset/VadCLIP/XD-Violence/XDTestClipFeatures/v=FRj2K0ulD8Q__#00-04-16_00-06-05_label_B4-0-0__0.npy,B4-0-0
/home/jing/project/dataset/VadCLIP/XD-Violence/XDTestClipFeatures/v=FRj2K0ulD8Q__#00-06-05_00-08-25_label_B4-0-0__0.npy,B4-0-0
/home/jing/project/dataset/VadCLIP/XD-Violence/XDTestClipFeatures/v=FW_qbiPH7UA__#1_label_B1-0-0__0.npy,B1-0-0
/home/jing/project/dataset/VadCLIP/XD-Violence/XDTestClipFeatures/v=FfrXebzAwOg__#00-06-10_00-07-19_label_B6-0-0__0.npy,B6-0-0
/home/jing/project/dataset/VadCLIP/XD-Violence/XDTestClipFeatures/v=GI49YSCruwY__#1_label_B4-0-0__0.npy,B4-0-0
/home/jing/project/dataset/VadCLIP/XD-Violence/XDTestClipFeatures/v=GN-7_ye5k4E__#1_label_G-0-0__0.npy,G-0-0
/home/jing/project/dataset/VadCLIP/XD-Violence/XDTestClipFeatures/v=GbMQ2CxeNHU__#1_label_B4-0-0__0.npy,B4-0-0
/home/jing/project/dataset/VadCLIP/XD-Violence/XDTestClipFeatures/v=GqMh_HBNWZE__#00-01-00_00-02-45_label_B6-0-0__0.npy,B6-0-0
/home/jing/project/dataset/VadCLIP/XD-Violence/XDTestClipFeatures/v=H5W58Loofks__#00-05-50_00-06-20_label_B6-0-0__0.npy,B6-0-0
/home/jing/project/dataset/VadCLIP/XD-Violence/XDTestClipFeatures/v=HSisjzLESak__#00-00-00_00-00-51_label_B6-0-0__0.npy,B6-0-0
/home/jing/project/dataset/VadCLIP/XD-Violence/XDTestClipFeatures/v=HSisjzLESak__#00-01-00_00-02-45_label_B6-0-0__0.npy,B6-0-0
/home/jing/project/dataset/VadCLIP/XD-Violence/XDTestClipFeatures/v=HSisjzLESak__#00-07-40_00-08-50_label_B6-0-0__0.npy,B6-0-0
/home/jing/project/dataset/VadCLIP/XD-Violence/XDTestClipFeatures/v=HUL83wCQATc__#1_label_B1-0-0__0.npy,B1-0-0
/home/jing/project/dataset/VadCLIP/XD-Violence/XDTestClipFeatures/v=Hnfy9XhlIPM__#1_label_B4-0-0__0.npy,B4-0-0
/home/jing/project/dataset/VadCLIP/XD-Violence/XDTestClipFeatures/v=ICnreR1hxP0__#1_label_B4-0-0__0.npy,B4-0-0
/home/jing/project/dataset/VadCLIP/XD-Violence/XDTestClipFeatures/v=IWzI9V3WSnc__#1_label_B4-0-0__0.npy,B4-0-0
/home/jing/project/dataset/VadCLIP/XD-Violence/XDTestClipFeatures/v=Ia9ATKNeUbY__#00-01-52_00-03-10_label_B6-0-0__0.npy,B6-0-0
/home/jing/project/dataset/VadCLIP/XD-Violence/XDTestClipFeatures/v=Ia9ATKNeUbY__#00-04-19_00-05-11_label_B6-0-0__0.npy,B6-0-0
/home/jing/project/dataset/VadCLIP/XD-Violence/XDTestClipFeatures/v=Ia9ATKNeUbY__#00-05-19_00-06-09_label_B6-0-0__0.npy,B6-0-0
/home/jing/project/dataset/VadCLIP/XD-Violence/XDTestClipFeatures/v=Ia9ATKNeUbY__#00-06-19_00-06-50_label_B6-0-0__0.npy,B6-0-0
/home/jing/project/dataset/VadCLIP/XD-Violence/XDTestClipFeatures/v=J67oj92maC0__#1_label_G-0-0__0.npy,G-0-0
/home/jing/project/dataset/VadCLIP/XD-Violence/XDTestClipFeatures/v=J_ZsNd97wXw__#1_label_G-0-0__0.npy,G-0-0
/home/jing/project/dataset/VadCLIP/XD-Violence/XDTestClipFeatures/v=JfLYNEsrTew__#1_label_G-0-0__0.npy,G-0-0
/home/jing/project/dataset/VadCLIP/XD-Violence/XDTestClipFeatures/v=KUeUxbsBO6s__#1_label_B1-0-0__0.npy,B1-0-0
/home/jing/project/dataset/VadCLIP/XD-Violence/XDTestClipFeatures/v=LJ0Pu5_Mefs__#1_label_G-0-0__0.npy,G-0-0
/home/jing/project/dataset/VadCLIP/XD-Violence/XDTestClipFeatures/v=Lt9M_tSij_4__#00-00-00_00-04-24_label_B6-0-0__0.npy,B6-0-0
/home/jing/project/dataset/VadCLIP/XD-Violence/XDTestClipFeatures/v=MJLylzPRvyw__#1_label_B4-0-0__0.npy,B4-0-0
/home/jing/project/dataset/VadCLIP/XD-Violence/XDTestClipFeatures/v=MqrNCb2N5to__#1_label_B1-0-0__0.npy,B1-0-0
/home/jing/project/dataset/VadCLIP/XD-Violence/XDTestClipFeatures/v=NnmqkS1e88s__#1_label_B4-0-0__0.npy,B4-0-0
/home/jing/project/dataset/VadCLIP/XD-Violence/XDTestClipFeatures/v=O9g1uuI62m0__#1_label_B4-0-0__0.npy,B4-0-0
/home/jing/project/dataset/VadCLIP/XD-Violence/XDTestClipFeatures/v=OB0-MXNPUIU__#1_label_B4-0-0__0.npy,B4-0-0
/home/jing/project/dataset/VadCLIP/XD-Violence/XDTestClipFeatures/v=OE9t3XImErk__#1_label_B1-0-0__0.npy,B1-0-0
/home/jing/project/dataset/VadCLIP/XD-Violence/XDTestClipFeatures/v=OFxPTJxA5pg__#1_label_B4-0-0__0.npy,B4-0-0
/home/jing/project/dataset/VadCLIP/XD-Violence/XDTestClipFeatures/v=ONsmJAyFAAw__#1_label_G-0-0__0.npy,G-0-0
/home/jing/project/dataset/VadCLIP/XD-Violence/XDTestClipFeatures/v=OOjjPGN8jSU__#1_label_B6-0-0__0.npy,B6-0-0
/home/jing/project/dataset/VadCLIP/XD-Violence/XDTestClipFeatures/v=PRH5rYUHoVU__#00-00-25_00-02-50_label_B6-0-0__0.npy,B6-0-0
/home/jing/project/dataset/VadCLIP/XD-Violence/XDTestClipFeatures/v=PWBZiM-rkoE__#1_label_G-0-0__0.npy,G-0-0
/home/jing/project/dataset/VadCLIP/XD-Violence/XDTestClipFeatures/v=PuZy1PQIgrA__#1_label_B1-0-0__0.npy,B1-0-0
/home/jing/project/dataset/VadCLIP/XD-Violence/XDTestClipFeatures/v=Q-u3Y9TkZhQ__#1_label_B4-0-0__0.npy,B4-0-0
/home/jing/project/dataset/VadCLIP/XD-Violence/XDTestClipFeatures/v=Q6zIX29HkSo__#1_label_B4-0-0__0.npy,B4-0-0
/home/jing/project/dataset/VadCLIP/XD-Violence/XDTestClipFeatures/v=Q7NpJXOTiMY__#1_label_G-0-0__0.npy,G-0-0
/home/jing/project/dataset/VadCLIP/XD-Violence/XDTestClipFeatures/v=Q8K7roZu3WU__#1_label_B1-0-0__0.npy,B1-0-0
/home/jing/project/dataset/VadCLIP/XD-Violence/XDTestClipFeatures/v=Q9Re4CnFJRg__#00-01-21_00-01-47_label_G-0-0__0.npy,G-0-0
/home/jing/project/dataset/VadCLIP/XD-Violence/XDTestClipFeatures/v=QWwDsPSe7iM__#1_label_B4-0-0__0.npy,B4-0-0
/home/jing/project/dataset/VadCLIP/XD-Violence/XDTestClipFeatures/v=Qc3pAEeK16A__#1_label_B1-0-0__0.npy,B1-0-0
/home/jing/project/dataset/VadCLIP/XD-Violence/XDTestClipFeatures/v=ROrpKx3aIjA__#1_label_G-0-0__0.npy,G-0-0
/home/jing/project/dataset/VadCLIP/XD-Violence/XDTestClipFeatures/v=RUjrMYWhLng__#1_label_B6-0-0__0.npy,B6-0-0
/home/jing/project/dataset/VadCLIP/XD-Violence/XDTestClipFeatures/v=Rc9EOFjtj0c__#1_label_B6-0-0__0.npy,B6-0-0
/home/jing/project/dataset/VadCLIP/XD-Violence/XDTestClipFeatures/v=S-7rRLrxnVQ__#1_label_B4-0-0__0.npy,B4-0-0
/home/jing/project/dataset/VadCLIP/XD-Violence/XDTestClipFeatures/v=SE5fxK7SasU__#00-03-23_00-04-08_label_B4-0-0__0.npy,B4-0-0
/home/jing/project/dataset/VadCLIP/XD-Violence/XDTestClipFeatures/v=SMy2_qNO2Y0__#00-01-50_00-03-13_label_G-0-0__0.npy,G-0-0
/home/jing/project/dataset/VadCLIP/XD-Violence/XDTestClipFeatures/v=T-LH8Gv5zzY__#1_label_B4-0-0__0.npy,B4-0-0
/home/jing/project/dataset/VadCLIP/XD-Violence/XDTestClipFeatures/v=TOEVc-pOEwM__#00-08-40_00-10-40_label_B6-0-0__0.npy,B6-0-0
/home/jing/project/dataset/VadCLIP/XD-Violence/XDTestClipFeatures/v=TfS-MJoVNjM__#1_label_B4-0-0__0.npy,B4-0-0
/home/jing/project/dataset/VadCLIP/XD-Violence/XDTestClipFeatures/v=TsuuRo6PEXM__#1_label_B1-0-0__0.npy,B1-0-0
/home/jing/project/dataset/VadCLIP/XD-Violence/XDTestClipFeatures/v=U6MC8JJJZSY__#1_label_G-0-0__0.npy,G-0-0
/home/jing/project/dataset/VadCLIP/XD-Violence/XDTestClipFeatures/v=UK--hvgP2uY__#1_label_G-0-0__0.npy,G-0-0
/home/jing/project/dataset/VadCLIP/XD-Violence/XDTestClipFeatures/v=UK2w9Sh47fM__#1_label_G-0-0__0.npy,G-0-0
/home/jing/project/dataset/VadCLIP/XD-Violence/XDTestClipFeatures/v=UYFR-XbyZQc__#00-01-19_00-02-42_label_G-0-0__0.npy,G-0-0
/home/jing/project/dataset/VadCLIP/XD-Violence/XDTestClipFeatures/v=UzxuX79xq4s__#1_label_B4-0-0__0.npy,B4-0-0
/home/jing/project/dataset/VadCLIP/XD-Violence/XDTestClipFeatures/v=V7FtjJStY1M__#1_label_G-0-0__0.npy,G-0-0
/home/jing/project/dataset/VadCLIP/XD-Violence/XDTestClipFeatures/v=WiS3TIvykeY__#1_label_B4-0-0__0.npy,B4-0-0
/home/jing/project/dataset/VadCLIP/XD-Violence/XDTestClipFeatures/v=X1arMZmYhsk__#00-13-00_00-14-09_label_B6-0-0__0.npy,B6-0-0
/home/jing/project/dataset/VadCLIP/XD-Violence/XDTestClipFeatures/v=X4I8FhpGJwo__#00-07-40_00-08-50_label_B6-0-0__0.npy,B6-0-0
/home/jing/project/dataset/VadCLIP/XD-Violence/XDTestClipFeatures/v=X4I8FhpGJwo__#00-09-00_00-10-45_label_B6-0-0__0.npy,B6-0-0
/home/jing/project/dataset/VadCLIP/XD-Violence/XDTestClipFeatures/v=X6Tbn8_X-Os__#1_label_B1-0-0__0.npy,B1-0-0
/home/jing/project/dataset/VadCLIP/XD-Violence/XDTestClipFeatures/v=Y1hxr1MWLjM__#1_label_B1-0-0__0.npy,B1-0-0
/home/jing/project/dataset/VadCLIP/XD-Violence/XDTestClipFeatures/v=Y43UkfAe_bc__#00-00-00_00-01-40_label_B4-0-0__0.npy,B4-0-0
/home/jing/project/dataset/VadCLIP/XD-Violence/XDTestClipFeatures/v=YANmwpkuWRo__#1_label_G-0-0__0.npy,G-0-0
/home/jing/project/dataset/VadCLIP/XD-Violence/XDTestClipFeatures/v=YKtw6uLEGps__#1_label_B4-0-0__0.npy,B4-0-0
/home/jing/project/dataset/VadCLIP/XD-Violence/XDTestClipFeatures/v=YdrISbwy_zI__#1_label_G-0-0__0.npy,G-0-0
/home/jing/project/dataset/VadCLIP/XD-Violence/XDTestClipFeatures/v=YhCSFZNwfHc__#00-01-15_00-01-42_label_G-B2-0__0.npy,G-B2-0
/home/jing/project/dataset/VadCLIP/XD-Violence/XDTestClipFeatures/v=Z12t5h2mBJc__#1_label_B1-0-0__0.npy,B1-0-0
/home/jing/project/dataset/VadCLIP/XD-Violence/XDTestClipFeatures/v=ZCjNPgNu42g__#1_label_B4-0-0__0.npy,B4-0-0
/home/jing/project/dataset/VadCLIP/XD-Violence/XDTestClipFeatures/v=ZkUciDD55kA__#00-00-00_00-00-30_label_G-0-0__0.npy,G-0-0
/home/jing/project/dataset/VadCLIP/XD-Violence/XDTestClipFeatures/v=ZnFlL84K7HE__#00-27-53_00-34-45_label_B4-0-0__0.npy,B4-0-0
/home/jing/project/dataset/VadCLIP/XD-Violence/XDTestClipFeatures/v=ZoS8gm5OcOM__#00-06-20_00-07-30_label_B6-0-0__0.npy,B6-0-0
/home/jing/project/dataset/VadCLIP/XD-Violence/XDTestClipFeatures/v=ZoS8gm5OcOM__#00-07-50_00-08-55_label_B6-0-0__0.npy,B6-0-0
/home/jing/project/dataset/VadCLIP/XD-Violence/XDTestClipFeatures/v=_5Kmb4tqMxs__#1_label_B4-0-0__0.npy,B4-0-0
/home/jing/project/dataset/VadCLIP/XD-Violence/XDTestClipFeatures/v=_BgJEXQkjNQ__#1_label_G-0-0__0.npy,G-0-0
/home/jing/project/dataset/VadCLIP/XD-Violence/XDTestClipFeatures/v=_YobflFU_HU__#00-06-10_00-07-51_label_B6-0-0__0.npy,B6-0-0
/home/jing/project/dataset/VadCLIP/XD-Violence/XDTestClipFeatures/v=_tsSKAsVZfo__#1_label_B4-0-0__0.npy,B4-0-0
/home/jing/project/dataset/VadCLIP/XD-Violence/XDTestClipFeatures/v=aQ3qMpgZjwg__#00-00-00_00-01-48_label_B4-0-0__0.npy,B4-0-0
/home/jing/project/dataset/VadCLIP/XD-Violence/XDTestClipFeatures/v=aWPWHU8x6kE__#1_label_B4-0-0__0.npy,B4-0-0
/home/jing/project/dataset/VadCLIP/XD-Violence/XDTestClipFeatures/v=abATVcjFumY__#1_label_G-0-0__0.npy,G-0-0
/home/jing/project/dataset/VadCLIP/XD-Violence/XDTestClipFeatures/v=afhttnv46Y4__#1_label_B1-0-0__0.npy,B1-0-0
/home/jing/project/dataset/VadCLIP/XD-Violence/XDTestClipFeatures/v=b0MUjeKAGZw__#1_label_B4-0-0__0.npy,B4-0-0
/home/jing/project/dataset/VadCLIP/XD-Violence/XDTestClipFeatures/v=bDm2-1NZBLw__#1_label_B4-0-0__0.npy,B4-0-0
/home/jing/project/dataset/VadCLIP/XD-Violence/XDTestClipFeatures/v=bfOlheR5nUQ__#00-00-00_00-04-33_label_B4-0-0__0.npy,B4-0-0
/home/jing/project/dataset/VadCLIP/XD-Violence/XDTestClipFeatures/v=bfOlheR5nUQ__#00-04-33_00-06-02_label_B4-0-0__0.npy,B4-0-0
/home/jing/project/dataset/VadCLIP/XD-Violence/XDTestClipFeatures/v=bhZs3ALdL7Y__#1_label_G-0-0__0.npy,G-0-0
/home/jing/project/dataset/VadCLIP/XD-Violence/XDTestClipFeatures/v=cEOM18n8fhU__#1_label_G-0-0__0.npy,G-0-0
/home/jing/project/dataset/VadCLIP/XD-Violence/XDTestClipFeatures/v=cO1UefhG7AY__#1_label_G-0-0__0.npy,G-0-0
/home/jing/project/dataset/VadCLIP/XD-Violence/XDTestClipFeatures/v=cuUK-3MNqtw__#1_label_B1-0-0__0.npy,B1-0-0
/home/jing/project/dataset/VadCLIP/XD-Violence/XDTestClipFeatures/v=d5lTTPvJLpw__#1_label_B4-0-0__0.npy,B4-0-0
/home/jing/project/dataset/VadCLIP/XD-Violence/XDTestClipFeatures/v=eqtJjxsTgtg__#1_label_G-0-0__0.npy,G-0-0
/home/jing/project/dataset/VadCLIP/XD-Violence/XDTestClipFeatures/v=f6j3YWgVBto__#00-06-16_00-06-51_label_B6-0-0__0.npy,B6-0-0
/home/jing/project/dataset/VadCLIP/XD-Violence/XDTestClipFeatures/v=fIlmgvc-bUk__#1_label_B4-0-0__0.npy,B4-0-0
/home/jing/project/dataset/VadCLIP/XD-Violence/XDTestClipFeatures/v=fQQzg2VfJME__#1_label_B4-0-0__0.npy,B4-0-0
/home/jing/project/dataset/VadCLIP/XD-Violence/XDTestClipFeatures/v=fhiAyxpDQMU__#1_label_B4-0-0__0.npy,B4-0-0
/home/jing/project/dataset/VadCLIP/XD-Violence/XDTestClipFeatures/v=g2v3EkBj9Zc__#1_label_B4-0-0__0.npy,B4-0-0
/home/jing/project/dataset/VadCLIP/XD-Violence/XDTestClipFeatures/v=gENp4SyNxkI__#1_label_B1-0-0__0.npy,B1-0-0
/home/jing/project/dataset/VadCLIP/XD-Violence/XDTestClipFeatures/v=gbRIKogNZvE__#1_label_B4-0-0__0.npy,B4-0-0
/home/jing/project/dataset/VadCLIP/XD-Violence/XDTestClipFeatures/v=gp_D8r-2hwk__#1_label_G-0-0__0.npy,G-0-0
/home/jing/project/dataset/VadCLIP/XD-Violence/XDTestClipFeatures/v=gsz_P8t-KM4__#1_label_B4-0-0__0.npy,B4-0-0
/home/jing/project/dataset/VadCLIP/XD-Violence/XDTestClipFeatures/v=hAHXCMRvY_I__#1_label_G-0-0__0.npy,G-0-0
/home/jing/project/dataset/VadCLIP/XD-Violence/XDTestClipFeatures/v=hxyhulJYz5I__#00-06-09_00-07-00_label_B6-0-0__0.npy,B6-0-0
/home/jing/project/dataset/VadCLIP/XD-Violence/XDTestClipFeatures/v=iHuggczItBk__#00-01-00_00-02-45_label_B6-0-0__0.npy,B6-0-0
/home/jing/project/dataset/VadCLIP/XD-Violence/XDTestClipFeatures/v=iHuggczItBk__#00-03-00_00-03-55_label_B6-0-0__0.npy,B6-0-0
/home/jing/project/dataset/VadCLIP/XD-Violence/XDTestClipFeatures/v=iHuggczItBk__#00-04-00_00-04-55_label_B6-0-0__0.npy,B6-0-0
/home/jing/project/dataset/VadCLIP/XD-Violence/XDTestClipFeatures/v=iWfUqxibqG0__#1_label_G-0-0__0.npy,G-0-0
/home/jing/project/dataset/VadCLIP/XD-Violence/XDTestClipFeatures/v=iegHZ_UWWsA__#00-14-05_00-20-33_label_B4-0-0__0.npy,B4-0-0
/home/jing/project/dataset/VadCLIP/XD-Violence/XDTestClipFeatures/v=jYENhkzdpO8__#00-00-00_00-01-31_label_B6-0-0__0.npy,B6-0-0
/home/jing/project/dataset/VadCLIP/XD-Violence/XDTestClipFeatures/v=k7R_Qo-BiAw__#00-10-30_00-10-51_label_B6-0-0__0.npy,B6-0-0
/home/jing/project/dataset/VadCLIP/XD-Violence/XDTestClipFeatures/v=k98yVPXiYoU__#1_label_G-0-0__0.npy,G-0-0
/home/jing/project/dataset/VadCLIP/XD-Violence/XDTestClipFeatures/v=kPWdgckIhLI__#1_label_B4-0-0__0.npy,B4-0-0
/home/jing/project/dataset/VadCLIP/XD-Violence/XDTestClipFeatures/v=kVl-6-A9ZO4__#00-08-01_00-09-35_label_B6-0-0__0.npy,B6-0-0
/home/jing/project/dataset/VadCLIP/XD-Violence/XDTestClipFeatures/v=k_cvJa1kNaM__#1_label_B4-0-0__0.npy,B4-0-0
/home/jing/project/dataset/VadCLIP/XD-Violence/XDTestClipFeatures/v=lcBUb7EOQ4o__#1_label_G-0-0__0.npy,G-0-0
/home/jing/project/dataset/VadCLIP/XD-Violence/XDTestClipFeatures/v=lpkL0Y1MhA8__#1_label_B4-0-0__0.npy,B4-0-0
/home/jing/project/dataset/VadCLIP/XD-Violence/XDTestClipFeatures/v=m5Ya6z6qroo__#1_label_B4-0-0__0.npy,B4-0-0
/home/jing/project/dataset/VadCLIP/XD-Violence/XDTestClipFeatures/v=m5zK-tzYCQM__#1_label_B4-0-0__0.npy,B4-0-0
/home/jing/project/dataset/VadCLIP/XD-Violence/XDTestClipFeatures/v=m8EkFsaGPzU__#1_label_B4-0-0__0.npy,B4-0-0
/home/jing/project/dataset/VadCLIP/XD-Violence/XDTestClipFeatures/v=nLAapCIlr-o__#00-07-22_00-08-19_label_B6-0-0__0.npy,B6-0-0
/home/jing/project/dataset/VadCLIP/XD-Violence/XDTestClipFeatures/v=nLAapCIlr-o__#00-08-35_00-10-25_label_B6-0-0__0.npy,B6-0-0
/home/jing/project/dataset/VadCLIP/XD-Violence/XDTestClipFeatures/v=nLAapCIlr-o__#00-11-00_00-12-45_label_B6-0-0__0.npy,B6-0-0
/home/jing/project/dataset/VadCLIP/XD-Violence/XDTestClipFeatures/v=nLAapCIlr-o__#00-16-10_00-18-09_label_B6-0-0__0.npy,B6-0-0
/home/jing/project/dataset/VadCLIP/XD-Violence/XDTestClipFeatures/v=ntaXjnpusxM__#1_label_G-0-0__0.npy,G-0-0
/home/jing/project/dataset/VadCLIP/XD-Violence/XDTestClipFeatures/v=oipd63DGadU__#1_label_B1-0-0__0.npy,B1-0-0
/home/jing/project/dataset/VadCLIP/XD-Violence/XDTestClipFeatures/v=osjdmjNJUdg__#1_label_B1-0-0__0.npy,B1-0-0
/home/jing/project/dataset/VadCLIP/XD-Violence/XDTestClipFeatures/v=ovQ1VTJ_IUI__#1_label_B1-0-0__0.npy,B1-0-0
/home/jing/project/dataset/VadCLIP/XD-Violence/XDTestClipFeatures/v=p7kvQ4OpDgU__#1_label_B4-0-0__0.npy,B4-0-0
/home/jing/project/dataset/VadCLIP/XD-Violence/XDTestClipFeatures/v=pFamvR9CpYw__#00-00-00_00-06-36_label_B4-0-0__0.npy,B4-0-0
/home/jing/project/dataset/VadCLIP/XD-Violence/XDTestClipFeatures/v=pFamvR9CpYw__#00-06-36_00-15-20_label_B4-0-0__0.npy,B4-0-0
/home/jing/project/dataset/VadCLIP/XD-Violence/XDTestClipFeatures/v=pHZ9gOfmY_k__#1_label_B4-0-0__0.npy,B4-0-0
/home/jing/project/dataset/VadCLIP/XD-Violence/XDTestClipFeatures/v=pL2HjXvWuPc__#1_label_B1-0-0__0.npy,B1-0-0
/home/jing/project/dataset/VadCLIP/XD-Violence/XDTestClipFeatures/v=pMtu7fOHdII__#1_label_B1-0-0__0.npy,B1-0-0
/home/jing/project/dataset/VadCLIP/XD-Violence/XDTestClipFeatures/v=q_DhkdHGXos__#1_label_B1-0-0__0.npy,B1-0-0
/home/jing/project/dataset/VadCLIP/XD-Violence/XDTestClipFeatures/v=qmsQ-obL1Z4__#00-03-26_00-04-04_label_B6-0-0__0.npy,B6-0-0
/home/jing/project/dataset/VadCLIP/XD-Violence/XDTestClipFeatures/v=qqsd-cZr01k__#00-01-00_00-02-45_label_B6-0-0__0.npy,B6-0-0
/home/jing/project/dataset/VadCLIP/XD-Violence/XDTestClipFeatures/v=qqsd-cZr01k__#00-06-10_00-07-19_label_B6-0-0__0.npy,B6-0-0
/home/jing/project/dataset/VadCLIP/XD-Violence/XDTestClipFeatures/v=qrKfaX1lCUM__#1_label_G-0-0__0.npy,G-0-0
/home/jing/project/dataset/VadCLIP/XD-Violence/XDTestClipFeatures/v=qyTGi0N4OVg__#1_label_G-0-0__0.npy,G-0-0
/home/jing/project/dataset/VadCLIP/XD-Violence/XDTestClipFeatures/v=rAlZRFZTwxM__#00-03-13_00-07-08_label_G-0-0__0.npy,G-0-0
/home/jing/project/dataset/VadCLIP/XD-Violence/XDTestClipFeatures/v=rJz4NXm6vis__#1_label_B4-0-0__0.npy,B4-0-0
/home/jing/project/dataset/VadCLIP/XD-Violence/XDTestClipFeatures/v=rKpXqwE2rg8__#00-01-57_00-03-06_label_B4-0-0__0.npy,B4-0-0
/home/jing/project/dataset/VadCLIP/XD-Violence/XDTestClipFeatures/v=rXWOpZ7W2fA__#1_label_B1-0-0__0.npy,B1-0-0
/home/jing/project/dataset/VadCLIP/XD-Violence/XDTestClipFeatures/v=sE-DC2trBkI__#00-01-00_00-02-45_label_B6-0-0__0.npy,B6-0-0
/home/jing/project/dataset/VadCLIP/XD-Violence/XDTestClipFeatures/v=sE-DC2trBkI__#00-03-00_00-04-09_label_B6-0-0__0.npy,B6-0-0
/home/jing/project/dataset/VadCLIP/XD-Violence/XDTestClipFeatures/v=sE-DC2trBkI__#00-09-00_00-10-05_label_B6-0-0__0.npy,B6-0-0
/home/jing/project/dataset/VadCLIP/XD-Violence/XDTestClipFeatures/v=sbEHU4GskX4__#1_label_B1-0-0__0.npy,B1-0-0
/home/jing/project/dataset/VadCLIP/XD-Violence/XDTestClipFeatures/v=tP19WuyY3IY__#00-00-00_00-00-51_label_B6-0-0__0.npy,B6-0-0
/home/jing/project/dataset/VadCLIP/XD-Violence/XDTestClipFeatures/v=tP19WuyY3IY__#00-06-10_00-07-51_label_B6-0-0__0.npy,B6-0-0
/home/jing/project/dataset/VadCLIP/XD-Violence/XDTestClipFeatures/v=tT-SrQC6Ddw__#00-04-00_00-05-15_label_B6-0-0__0.npy,B6-0-0
/home/jing/project/dataset/VadCLIP/XD-Violence/XDTestClipFeatures/v=tivXK3PGByk__#1_label_B1-0-0__0.npy,B1-0-0
/home/jing/project/dataset/VadCLIP/XD-Violence/XDTestClipFeatures/v=tv0rI-5ycBU__#1_label_B4-0-0__0.npy,B4-0-0
/home/jing/project/dataset/VadCLIP/XD-Violence/XDTestClipFeatures/v=u0Tnw01PNxc__#1_label_B4-0-0__0.npy,B4-0-0
/home/jing/project/dataset/VadCLIP/XD-Violence/XDTestClipFeatures/v=u5SF4SlqNDQ__#00-00-00_00-01-00_label_G-0-0__0.npy,G-0-0
/home/jing/project/dataset/VadCLIP/XD-Violence/XDTestClipFeatures/v=u5SF4SlqNDQ__#00-02-39_00-03-41_label_G-0-0__0.npy,G-0-0
/home/jing/project/dataset/VadCLIP/XD-Violence/XDTestClipFeatures/v=uBXprlsmd18__#00-03-00_00-04-09_label_B6-0-0__0.npy,B6-0-0
/home/jing/project/dataset/VadCLIP/XD-Violence/XDTestClipFeatures/v=uBXprlsmd18__#00-06-10_00-07-19_label_B6-0-0__0.npy,B6-0-0
/home/jing/project/dataset/VadCLIP/XD-Violence/XDTestClipFeatures/v=uQY15O3LKI0__#1_label_B6-0-0__0.npy,B6-0-0
/home/jing/project/dataset/VadCLIP/XD-Violence/XDTestClipFeatures/v=uprb6aBzymw__#00-03-03_00-05-13_label_B4-0-0__0.npy,B4-0-0
/home/jing/project/dataset/VadCLIP/XD-Violence/XDTestClipFeatures/v=utQ5AvXtNLA__#1_label_B4-0-0__0.npy,B4-0-0
/home/jing/project/dataset/VadCLIP/XD-Violence/XDTestClipFeatures/v=v-Plzx73K68__#1_label_B4-0-0__0.npy,B4-0-0
/home/jing/project/dataset/VadCLIP/XD-Violence/XDTestClipFeatures/v=v_LxqgpRouM__#1_label_G-0-0__0.npy,G-0-0
/home/jing/project/dataset/VadCLIP/XD-Violence/XDTestClipFeatures/v=vaSOMEIe1Bg__#1_label_G-0-0__0.npy,G-0-0
/home/jing/project/dataset/VadCLIP/XD-Violence/XDTestClipFeatures/v=vhACO_m5pH0__#00-09-42_00-10-40_label_B6-0-0__0.npy,B6-0-0
/home/jing/project/dataset/VadCLIP/XD-Violence/XDTestClipFeatures/v=vhACO_m5pH0__#00-10-42_00-11-40_label_B6-0-0__0.npy,B6-0-0
/home/jing/project/dataset/VadCLIP/XD-Violence/XDTestClipFeatures/v=vhACO_m5pH0__#00-14-42_00-15-40_label_B6-0-0__0.npy,B6-0-0
/home/jing/project/dataset/VadCLIP/XD-Violence/XDTestClipFeatures/v=vhACO_m5pH0__#00-17-42_00-18-40_label_B6-0-0__0.npy,B6-0-0
/home/jing/project/dataset/VadCLIP/XD-Violence/XDTestClipFeatures/v=vhACO_m5pH0__#00-20-42_00-22-40_label_B6-0-0__0.npy,B6-0-0
/home/jing/project/dataset/VadCLIP/XD-Violence/XDTestClipFeatures/v=vv-MFJPi4Qs__#1_label_G-0-0__0.npy,G-0-0
/home/jing/project/dataset/VadCLIP/XD-Violence/XDTestClipFeatures/v=w16YmhAZ1_Y__#1_label_G-0-0__0.npy,G-0-0
/home/jing/project/dataset/VadCLIP/XD-Violence/XDTestClipFeatures/v=w2NgAYJHnS0__#1_label_G-0-0__0.npy,G-0-0
/home/jing/project/dataset/VadCLIP/XD-Violence/XDTestClipFeatures/v=wG-2t0M8CPc__#1_label_B1-0-0__0.npy,B1-0-0
/home/jing/project/dataset/VadCLIP/XD-Violence/XDTestClipFeatures/v=wPkBaI6vOv0__#00-00-00_00-01-00_label_G-0-0__0.npy,G-0-0
/home/jing/project/dataset/VadCLIP/XD-Violence/XDTestClipFeatures/v=wVey5JDRf_g__#00-00-00_00-01-20_label_B6-0-0__0.npy,B6-0-0
/home/jing/project/dataset/VadCLIP/XD-Violence/XDTestClipFeatures/v=wVey5JDRf_g__#00-01-30_00-02-41_label_B6-0-0__0.npy,B6-0-0
/home/jing/project/dataset/VadCLIP/XD-Violence/XDTestClipFeatures/v=wVey5JDRf_g__#00-04-09_00-05-06_label_B6-0-0__0.npy,B6-0-0
/home/jing/project/dataset/VadCLIP/XD-Violence/XDTestClipFeatures/v=waIS8TaJxts__#00-00-00_00-00-51_label_B6-0-0__0.npy,B6-0-0
/home/jing/project/dataset/VadCLIP/XD-Violence/XDTestClipFeatures/v=waIS8TaJxts__#00-01-30_00-02-45_label_B6-0-0__0.npy,B6-0-0
/home/jing/project/dataset/VadCLIP/XD-Violence/XDTestClipFeatures/v=waIS8TaJxts__#00-05-50_00-06-20_label_B6-0-0__0.npy,B6-0-0
/home/jing/project/dataset/VadCLIP/XD-Violence/XDTestClipFeatures/v=waIS8TaJxts__#00-07-40_00-08-50_label_B6-0-0__0.npy,B6-0-0
/home/jing/project/dataset/VadCLIP/XD-Violence/XDTestClipFeatures/v=waIS8TaJxts__#00-09-00_00-10-45_label_B6-0-0__0.npy,B6-0-0
/home/jing/project/dataset/VadCLIP/XD-Violence/XDTestClipFeatures/v=wnd3IYH7x1o__#1_label_G-0-0__0.npy,G-0-0
/home/jing/project/dataset/VadCLIP/XD-Violence/XDTestClipFeatures/v=xbPWQKZspfU__#1_label_B1-0-0__0.npy,B1-0-0
/home/jing/project/dataset/VadCLIP/XD-Violence/XDTestClipFeatures/v=xe4ee56aHSg__#1_label_G-0-0__0.npy,G-0-0
/home/jing/project/dataset/VadCLIP/XD-Violence/XDTestClipFeatures/v=y1z12D5bx7c__#1_label_B4-0-0__0.npy,B4-0-0
/home/jing/project/dataset/VadCLIP/XD-Violence/XDTestClipFeatures/v=yDqThVpu1AM__#1_label_B4-0-0__0.npy,B4-0-0
/home/jing/project/dataset/VadCLIP/XD-Violence/XDTestClipFeatures/v=yrpZJ8Vr3aA__#1_label_B1-0-0__0.npy,B1-0-0
/home/jing/project/dataset/VadCLIP/XD-Violence/XDTestClipFeatures/v=yvnj5VIDsNI__#1_label_B4-0-0__0.npy,B4-0-0
/home/jing/project/dataset/VadCLIP/XD-Violence/XDTestClipFeatures/v=yy-KIWDcBr4__#00-08-35_00-10-25_label_B6-0-0__0.npy,B6-0-0
/home/jing/project/dataset/VadCLIP/XD-Violence/XDTestClipFeatures/v=yy-KIWDcBr4__#00-16-10_00-17-19_label_B6-0-0__0.npy,B6-0-0
/home/jing/project/dataset/VadCLIP/XD-Violence/XDTestClipFeatures/v=zI0q5UDP47g__#1_label_B4-0-0__0.npy,B4-0-0
/home/jing/project/dataset/VadCLIP/XD-Violence/XDTestClipFeatures/v=zQbnQBCTSiA__#1_label_B1-0-0__0.npy,B1-0-0
/home/jing/project/dataset/VadCLIP/XD-Violence/XDTestClipFeatures/v=zoIn2hOrUIM__#00-01-00_00-02-45_label_B6-0-0__0.npy,B6-0-0
/home/jing/project/dataset/VadCLIP/XD-Violence/XDTestClipFeatures/v=zoIn2hOrUIM__#00-06-10_00-07-19_label_B6-0-0__0.npy,B6-0-0
/home/jing/project/dataset/VadCLIP/XD-Violence/XDTestClipFeatures/wangted.2008__#0-22-55_0-23-40_label_B2-0-0__0.npy,B2-0-0
/home/jing/project/dataset/VadCLIP/XD-Violence/XDTestClipFeatures/wangted.2008__#0-45-25_0-47-01_label_B1-0-0__0.npy,B1-0-0
/home/jing/project/dataset/VadCLIP/XD-Violence/XDTestClipFeatures/wangted.2008__#0-48-30_0-49-00_label_B2-0-0__0.npy,B2-0-0
/home/jing/project/dataset/VadCLIP/XD-Violence/XDTestClipFeatures/A.Beautiful.Mind.2001__#00-25-20_00-29-20_label_A__0.npy,A
/home/jing/project/dataset/VadCLIP/XD-Violence/XDTestClipFeatures/A.Beautiful.Mind.2001__#00-40-52_00-42-01_label_A__0.npy,A
/home/jing/project/dataset/VadCLIP/XD-Violence/XDTestClipFeatures/A.Beautiful.Mind.2001__#00-50-26_00-55-16_label_A__0.npy,A
/home/jing/project/dataset/VadCLIP/XD-Violence/XDTestClipFeatures/A.Beautiful.Mind.2001__#01-14-30_01-16-59_label_A__0.npy,A
/home/jing/project/dataset/VadCLIP/XD-Violence/XDTestClipFeatures/About.Time.2013__#00-23-50_00-24-31_label_A__0.npy,A
/home/jing/project/dataset/VadCLIP/XD-Violence/XDTestClipFeatures/About.Time.2013__#00-30-50_00-32-31_label_A__0.npy,A
/home/jing/project/dataset/VadCLIP/XD-Violence/XDTestClipFeatures/About.Time.2013__#00-40-52_00-42-31_label_A__0.npy,A
/home/jing/project/dataset/VadCLIP/XD-Violence/XDTestClipFeatures/Bad.Boys.1995__#00-10-00_00-11-52_label_A__0.npy,A
/home/jing/project/dataset/VadCLIP/XD-Violence/XDTestClipFeatures/Bad.Boys.II.2003__#01-11-16_01-14-00_label_A__0.npy,A
/home/jing/project/dataset/VadCLIP/XD-Violence/XDTestClipFeatures/Be.with.You.2018__#00-04-20_00-05-35_label_A__0.npy,A
/home/jing/project/dataset/VadCLIP/XD-Violence/XDTestClipFeatures/Be.with.You.2018__#00-16-18_00-18-09_label_A__0.npy,A
/home/jing/project/dataset/VadCLIP/XD-Violence/XDTestClipFeatures/Be.with.You.2018__#00-23-50_00-24-31_label_A__0.npy,A
/home/jing/project/dataset/VadCLIP/XD-Violence/XDTestClipFeatures/Be.with.You.2018__#01-14-30_01-16-59_label_A__0.npy,A
/home/jing/project/dataset/VadCLIP/XD-Violence/XDTestClipFeatures/Be.with.You.2018__#01-42-06_01-45-53_label_A__0.npy,A
/home/jing/project/dataset/VadCLIP/XD-Violence/XDTestClipFeatures/Before.Sunrise.1995__#00-03-00_00-04-05_label_A__0.npy,A
/home/jing/project/dataset/VadCLIP/XD-Violence/XDTestClipFeatures/Before.Sunrise.1995__#00-04-20_00-05-35_label_A__0.npy,A
/home/jing/project/dataset/VadCLIP/XD-Violence/XDTestClipFeatures/Before.Sunrise.1995__#00-23-50_00-24-31_label_A__0.npy,A
/home/jing/project/dataset/VadCLIP/XD-Violence/XDTestClipFeatures/Before.Sunrise.1995__#00-40-52_00-42-01_label_A__0.npy,A
/home/jing/project/dataset/VadCLIP/XD-Violence/XDTestClipFeatures/Before.Sunrise.1995__#00-42-52_00-45-31_label_A__0.npy,A
/home/jing/project/dataset/VadCLIP/XD-Violence/XDTestClipFeatures/Before.Sunrise.1995__#01-36-45_01-38-10_label_A__0.npy,A
/home/jing/project/dataset/VadCLIP/XD-Violence/XDTestClipFeatures/Before.Sunset.2004__#00-23-50_00-24-31_label_A__0.npy,A
/home/jing/project/dataset/VadCLIP/XD-Violence/XDTestClipFeatures/Before.Sunset.2004__#01-14-30_01-16-51_label_A__0.npy,A
/home/jing/project/dataset/VadCLIP/XD-Violence/XDTestClipFeatures/Black.Hawk.Down.2001__#00-06-44_00-07-39_label_A__0.npy,A
/home/jing/project/dataset/VadCLIP/XD-Violence/XDTestClipFeatures/Black.Hawk.Down.2001__#01-36-44_01-37-33_label_A__0.npy,A
/home/jing/project/dataset/VadCLIP/XD-Violence/XDTestClipFeatures/Brick.Mansions.2014__#00-08-37_00-10-04_label_A__0.npy,A
/home/jing/project/dataset/VadCLIP/XD-Violence/XDTestClipFeatures/Bullet.in.the.Head.1990__#00-03-59_00-04-40_label_A__0.npy,A
/home/jing/project/dataset/VadCLIP/XD-Violence/XDTestClipFeatures/Bullet.in.the.Head.1990__#00-25-11_00-26-15_label_A__0.npy,A
/home/jing/project/dataset/VadCLIP/XD-Violence/XDTestClipFeatures/Bullet.in.the.Head.1990__#00-51-46_00-52-50_label_A__0.npy,A
/home/jing/project/dataset/VadCLIP/XD-Violence/XDTestClipFeatures/Bullet.in.the.Head.1990__#01-58-25_01-59-30_label_A__0.npy,A
/home/jing/project/dataset/VadCLIP/XD-Violence/XDTestClipFeatures/Casino.Royale.2006__#00-28-10_00-30-10_label_A__0.npy,A
/home/jing/project/dataset/VadCLIP/XD-Violence/XDTestClipFeatures/City.Of.Men.2007__#01-36-01_01-37-31_label_A__0.npy,A
/home/jing/project/dataset/VadCLIP/XD-Violence/XDTestClipFeatures/City.of.God.2002__#00-33-10_00-34-50_label_A__0.npy,A
/home/jing/project/dataset/VadCLIP/XD-Violence/XDTestClipFeatures/Deadpool.2.2018__#0-02-35_0-03-12_label_A__0.npy,A
/home/jing/project/dataset/VadCLIP/XD-Violence/XDTestClipFeatures/Deadpool.2016__#0-18-35_0-18-55_label_A__0.npy,A
/home/jing/project/dataset/VadCLIP/XD-Violence/XDTestClipFeatures/Death.Proof.2007__#00-02-04_00-05-00_label_A__0.npy,A
/home/jing/project/dataset/VadCLIP/XD-Violence/XDTestClipFeatures/Desperado.1995__#00-19-00_00-20-31_label_A__0.npy,A
/home/jing/project/dataset/VadCLIP/XD-Violence/XDTestClipFeatures/Desperado.1995__#01-22-10_01-23-17_label_A__0.npy,A
/home/jing/project/dataset/VadCLIP/XD-Violence/XDTestClipFeatures/Election.2005__#00-03-35_00-05-05_label_A__0.npy,A
/home/jing/project/dataset/VadCLIP/XD-Violence/XDTestClipFeatures/Fast.Five.2011__#01-59-16_02-01-12_label_A__0.npy,A
/home/jing/project/dataset/VadCLIP/XD-Violence/XDTestClipFeatures/Fast.Furious.2009__#01-08-33_01-10-18_label_A__0.npy,A
/home/jing/project/dataset/VadCLIP/XD-Violence/XDTestClipFeatures/Fast.Furious.6.2013__#01-37-00_01-38-05_label_A__0.npy,A
/home/jing/project/dataset/VadCLIP/XD-Violence/XDTestClipFeatures/Flipped.2010__#00-08-55_00-10-50_label_A__0.npy,A
/home/jing/project/dataset/VadCLIP/XD-Violence/XDTestClipFeatures/Flipped.2010__#00-42-52_00-45-31_label_A__0.npy,A
/home/jing/project/dataset/VadCLIP/XD-Violence/XDTestClipFeatures/Flipped.2010__#00-45-40_00-47-30_label_A__0.npy,A
/home/jing/project/dataset/VadCLIP/XD-Violence/XDTestClipFeatures/Flipped.2010__#01-07-30_01-09-51_label_A__0.npy,A
/home/jing/project/dataset/VadCLIP/XD-Violence/XDTestClipFeatures/Flipped.2010__#01-10-30_01-13-51_label_A__0.npy,A
/home/jing/project/dataset/VadCLIP/XD-Violence/XDTestClipFeatures/From.Dusk.Till.Dawn.1996__#00-31-52_00-34-21_label_A__0.npy,A
/home/jing/project/dataset/VadCLIP/XD-Violence/XDTestClipFeatures/Fury.2014__#01-13-32_01-14-43_label_A__0.npy,A
/home/jing/project/dataset/VadCLIP/XD-Violence/XDTestClipFeatures/Gladiator.2000__#02-43-00_02-43-59_label_A__0.npy,A
/home/jing/project/dataset/VadCLIP/XD-Violence/XDTestClipFeatures/God.Bless.America.2011__#00-51-00_00-52-00_label_A__0.npy,A
/home/jing/project/dataset/VadCLIP/XD-Violence/XDTestClipFeatures/God.Bless.America.2011__#00-58-09_01-04-00_label_A__0.npy,A
/home/jing/project/dataset/VadCLIP/XD-Violence/XDTestClipFeatures/God.Bless.America.2011__#01-23-13_01-25-31_label_A__0.npy,A
/home/jing/project/dataset/VadCLIP/XD-Violence/XDTestClipFeatures/GoldenEye.1995__#00-56-11_00-56-51_label_A__0.npy,A
/home/jing/project/dataset/VadCLIP/XD-Violence/XDTestClipFeatures/GoldenEye.1995__#01-02-11_01-03-43_label_A__0.npy,A
/home/jing/project/dataset/VadCLIP/XD-Violence/XDTestClipFeatures/GoldenEye.1995__#01-33-40_01-34-30_label_A__0.npy,A
/home/jing/project/dataset/VadCLIP/XD-Violence/XDTestClipFeatures/Good.Will.Hunting.1997__#00-08-55_00-10-50_label_A__0.npy,A
/home/jing/project/dataset/VadCLIP/XD-Violence/XDTestClipFeatures/Good.Will.Hunting.1997__#00-58-18_01-02-30_label_A__0.npy,A
/home/jing/project/dataset/VadCLIP/XD-Violence/XDTestClipFeatures/Haywire.2011__#00-02-06_00-03-29_label_A__0.npy,A
/home/jing/project/dataset/VadCLIP/XD-Violence/XDTestClipFeatures/Hear.Me.2009__#00-30-50_00-32-31_label_A__0.npy,A
/home/jing/project/dataset/VadCLIP/XD-Violence/XDTestClipFeatures/Hear.Me.2009__#00-49-48_00-51-12_label_A__0.npy,A
/home/jing/project/dataset/VadCLIP/XD-Violence/XDTestClipFeatures/Hot.Fuzz.2007__#00-19-20_00-22-06_label_A__0.npy,A
/home/jing/project/dataset/VadCLIP/XD-Violence/XDTestClipFeatures/IP.Man.2.2010__#00-02-50_00-06-45_label_A__0.npy,A
/home/jing/project/dataset/VadCLIP/XD-Violence/XDTestClipFeatures/IP.Man.2.2010__#00-54-00_00-57-12_label_A__0.npy,A
/home/jing/project/dataset/VadCLIP/XD-Violence/XDTestClipFeatures/IP.Man.2.2010__#01-44-00_01-44-42_label_A__0.npy,A
/home/jing/project/dataset/VadCLIP/XD-Violence/XDTestClipFeatures/Ip.Man.2008__#00-02-56_00-05-24_label_A__0.npy,A
/home/jing/project/dataset/VadCLIP/XD-Violence/XDTestClipFeatures/Ip.Man.2008__#00-40-25_00-40-45_label_A__0.npy,A
/home/jing/project/dataset/VadCLIP/XD-Violence/XDTestClipFeatures/Ip.Man.2008__#01-04-27_01-06-22_label_A__0.npy,A
/home/jing/project/dataset/VadCLIP/XD-Violence/XDTestClipFeatures/Jason.Bourne.2016__#0-51-37_0-53-20_label_A__0.npy,A
/home/jing/project/dataset/VadCLIP/XD-Violence/XDTestClipFeatures/Kill.Bill.Vol.1.2003__#00-21-42_00-22-42_label_A__0.npy,A
/home/jing/project/dataset/VadCLIP/XD-Violence/XDTestClipFeatures/Kill.Bill.Vol.1.2003__#01-08-15_01-09-15_label_A__0.npy,A
/home/jing/project/dataset/VadCLIP/XD-Violence/XDTestClipFeatures/Kill.Bill.Vol.2.2004__#01-03-13_01-04-13_label_A__0.npy,A
/home/jing/project/dataset/VadCLIP/XD-Violence/XDTestClipFeatures/Kingsman.The.Golden.Circle.2017__#00-44-52_00-46-20_label_A__0.npy,A
/home/jing/project/dataset/VadCLIP/XD-Violence/XDTestClipFeatures/Kingsman.The.Golden.Circle.2017__#02-09-30_02-10-45_label_A__0.npy,A
/home/jing/project/dataset/VadCLIP/XD-Violence/XDTestClipFeatures/Kingsman.The.Secret.Service.2014__#00-25-29_00-26-24_label_A__0.npy,A
/home/jing/project/dataset/VadCLIP/XD-Violence/XDTestClipFeatures/Law.Abiding.Citizen.2009__#00-00-35_00-01-31_label_A__0.npy,A
/home/jing/project/dataset/VadCLIP/XD-Violence/XDTestClipFeatures/Lord.of.War__#00-59-20_01-00-35_label_A__0.npy,A
/home/jing/project/dataset/VadCLIP/XD-Violence/XDTestClipFeatures/Love.Actually.2003__#00-51-55_00-55-16_label_A__0.npy,A
/home/jing/project/dataset/VadCLIP/XD-Violence/XDTestClipFeatures/Love.Actually.2003__#01-04-40_01-06-59_label_A__0.npy,A
/home/jing/project/dataset/VadCLIP/XD-Violence/XDTestClipFeatures/Love.Actually.2003__#01-17-00_01-19-40_label_A__0.npy,A
/home/jing/project/dataset/VadCLIP/XD-Violence/XDTestClipFeatures/Love.Actually.2003__#01-34-18_01-38-11_label_A__0.npy,A
/home/jing/project/dataset/VadCLIP/XD-Violence/XDTestClipFeatures/Love.Actually.2003__#01-39-05_01-46-40_label_A__0.npy,A
/home/jing/project/dataset/VadCLIP/XD-Violence/XDTestClipFeatures/Love.Death.and.Robots.S01E02__#00-03-15_00-04-20_label_A__0.npy,A
/home/jing/project/dataset/VadCLIP/XD-Violence/XDTestClipFeatures/Love.Death.and.Robots.S01E04__#00-14-28_00-15-27_label_A__0.npy,A
/home/jing/project/dataset/VadCLIP/XD-Violence/XDTestClipFeatures/Love.Me.If.You.Dare.2003__#00-11-20_00-15-08_label_A__0.npy,A
/home/jing/project/dataset/VadCLIP/XD-Violence/XDTestClipFeatures/Love.Me.If.You.Dare.2003__#00-33-52_00-39-00_label_A__0.npy,A
/home/jing/project/dataset/VadCLIP/XD-Violence/XDTestClipFeatures/Love.Me.If.You.Dare.2003__#01-04-40_01-06-59_label_A__0.npy,A
/home/jing/project/dataset/VadCLIP/XD-Violence/XDTestClipFeatures/Mission.Impossible.Ghost.Protocol.2011__#00-49-03_00-51-21_label_A__0.npy,A
/home/jing/project/dataset/VadCLIP/XD-Violence/XDTestClipFeatures/Mission.Impossible.Ghost.Protocol.2011__#01-07-24_01-09-09_label_A__0.npy,A
/home/jing/project/dataset/VadCLIP/XD-Violence/XDTestClipFeatures/Mission.Impossible.Ghost.Protocol.2011__#01-24-59_01-28-30_label_A__0.npy,A
/home/jing/project/dataset/VadCLIP/XD-Violence/XDTestClipFeatures/Mission.Impossible.II.2000__#00-11-37_00-15-46_label_A__0.npy,A
/home/jing/project/dataset/VadCLIP/XD-Violence/XDTestClipFeatures/Mission.Impossible.II.2000__#00-24-30_00-30-10_label_A__0.npy,A
/home/jing/project/dataset/VadCLIP/XD-Violence/XDTestClipFeatures/Mission.Impossible.V.Rogue.Nation.2015__#01-29-39_01-33-39_label_A__0.npy,A
/home/jing/project/dataset/VadCLIP/XD-Violence/XDTestClipFeatures/New.Kids.Turbo.2010__#00-41-30_00-42-05_label_A__0.npy,A
/home/jing/project/dataset/VadCLIP/XD-Violence/XDTestClipFeatures/One.Day.2011__#01-02-50_01-07-05_label_A__0.npy,A
/home/jing/project/dataset/VadCLIP/XD-Violence/XDTestClipFeatures/Operation.Red.Sea.2018__#0-12-26_0-13-36_label_A__0.npy,A
/home/jing/project/dataset/VadCLIP/XD-Violence/XDTestClipFeatures/Operation.Red.Sea.2018__#0-45-54_0-46-33_label_A__0.npy,A
/home/jing/project/dataset/VadCLIP/XD-Violence/XDTestClipFeatures/Quantum.Of.Solace.2008__#00-47-29_00-50-52_label_A__0.npy,A
/home/jing/project/dataset/VadCLIP/XD-Violence/XDTestClipFeatures/Rush.Hour.3.2007.BluRay__#01-00-40_01-04-00_label_A__0.npy,A
/home/jing/project/dataset/VadCLIP/XD-Violence/XDTestClipFeatures/Salt.2010__#00-02-10_00-03-57_label_A__0.npy,A
/home/jing/project/dataset/VadCLIP/XD-Violence/XDTestClipFeatures/Salt.2010__#00-13-45_00-16-10_label_A__0.npy,A
/home/jing/project/dataset/VadCLIP/XD-Violence/XDTestClipFeatures/Salt.2010__#01-16-00_01-16-50_label_A__0.npy,A
/home/jing/project/dataset/VadCLIP/XD-Violence/XDTestClipFeatures/Saving.Private.Ryan.1998__#02-00-56_02-03-06_label_A__0.npy,A
/home/jing/project/dataset/VadCLIP/XD-Violence/XDTestClipFeatures/Shoot.Em.Up.2007__#00-25-50_00-27-10_label_A__0.npy,A
/home/jing/project/dataset/VadCLIP/XD-Violence/XDTestClipFeatures/Shoplifters.2018__#00-17-30_00-19-10_label_A__0.npy,A
/home/jing/project/dataset/VadCLIP/XD-Violence/XDTestClipFeatures/Sin.City.2005__#01-43-21_01-44-21_label_A__0.npy,A
/home/jing/project/dataset/VadCLIP/XD-Violence/XDTestClipFeatures/Skyfall.2012__#02-14-50_02-16-25_label_A__0.npy,A
/home/jing/project/dataset/VadCLIP/XD-Violence/XDTestClipFeatures/Spectre.2015__#00-16-41_00-18-55_label_A__0.npy,A
/home/jing/project/dataset/VadCLIP/XD-Violence/XDTestClipFeatures/Spectre.2015__#01-17-22_01-18-53_label_A__0.npy,A
/home/jing/project/dataset/VadCLIP/XD-Violence/XDTestClipFeatures/Still.Walking.2008__#00-16-18_00-17-27_label_A__0.npy,A
/home/jing/project/dataset/VadCLIP/XD-Violence/XDTestClipFeatures/Still.Walking.2008__#00-51-55_00-55-16_label_A__0.npy,A
/home/jing/project/dataset/VadCLIP/XD-Violence/XDTestClipFeatures/Still.Walking.2008__#01-02-18_01-03-10_label_A__0.npy,A
/home/jing/project/dataset/VadCLIP/XD-Violence/XDTestClipFeatures/Taken.2.UNRATED.EXTENDED.2012__#00-17-08_00-17-30_label_A__0.npy,A
/home/jing/project/dataset/VadCLIP/XD-Violence/XDTestClipFeatures/Taken.3.2014__#00-36-03_00-36-48_label_A__0.npy,A
/home/jing/project/dataset/VadCLIP/XD-Violence/XDTestClipFeatures/Taken.3.2014__#01-20-10_01-21-30_label_A__0.npy,A
/home/jing/project/dataset/VadCLIP/XD-Violence/XDTestClipFeatures/The.Attorney.2013__#00-47-00_00-49-30_label_A__0.npy,A
/home/jing/project/dataset/VadCLIP/XD-Violence/XDTestClipFeatures/The.Bourne.Identity.2002__#0-29-16_0-32-00_label_A__0.npy,A
/home/jing/project/dataset/VadCLIP/XD-Violence/XDTestClipFeatures/The.Bourne.Identity.2002__#0-57-11_0-58-45_label_A__0.npy,A
/home/jing/project/dataset/VadCLIP/XD-Violence/XDTestClipFeatures/The.Bourne.Identity.2002__#01-09-16_01-11-16_label_A__0.npy,A
/home/jing/project/dataset/VadCLIP/XD-Violence/XDTestClipFeatures/The.Bourne.Supremacy.2004__#0-58-18_01-00-58_label_A__0.npy,A
/home/jing/project/dataset/VadCLIP/XD-Violence/XDTestClipFeatures/The.Bourne.Supremacy.2004__#01-34-52_01-35-50_label_A__0.npy,A
/home/jing/project/dataset/VadCLIP/XD-Violence/XDTestClipFeatures/The.Bourne.Ultimatum.2007__#0-55-55_0-56-10_label_A__0.npy,A
/home/jing/project/dataset/VadCLIP/XD-Violence/XDTestClipFeatures/The.Bourne.Ultimatum.2007__#01-32-57_01-33-53_label_A__0.npy,A
/home/jing/project/dataset/VadCLIP/XD-Violence/XDTestClipFeatures/The.Fast.and.the.Furious.2001__#00-26-09_00-26-52_label_A__0.npy,A
/home/jing/project/dataset/VadCLIP/XD-Violence/XDTestClipFeatures/The.Fast.and.the.Furious.2001__#01-38-50_01-39-59_label_A__0.npy,A
/home/jing/project/dataset/VadCLIP/XD-Violence/XDTestClipFeatures/The.Hurt.Locker.2008__#0-29-25_0-30-15_label_A__0.npy,A
/home/jing/project/dataset/VadCLIP/XD-Violence/XDTestClipFeatures/The.Hurt.Locker.2008__#0-45-39_0-47-06_label_A__0.npy,A
/home/jing/project/dataset/VadCLIP/XD-Violence/XDTestClipFeatures/The.Intouchables.2011__#00-04-20_00-05-35_label_A__0.npy,A
/home/jing/project/dataset/VadCLIP/XD-Violence/XDTestClipFeatures/The.Intouchables.2011__#00-51-55_00-55-16_label_A__0.npy,A
/home/jing/project/dataset/VadCLIP/XD-Violence/XDTestClipFeatures/The.Intouchables.2011__#00-58-18_01-02-30_label_A__0.npy,A
/home/jing/project/dataset/VadCLIP/XD-Violence/XDTestClipFeatures/The.Notebook.2004__#00-08-55_00-10-50_label_A__0.npy,A
/home/jing/project/dataset/VadCLIP/XD-Violence/XDTestClipFeatures/The.Notebook.2004__#00-11-00_00-15-08_label_A__0.npy,A
/home/jing/project/dataset/VadCLIP/XD-Violence/XDTestClipFeatures/The.Notebook.2004__#00-20-35_00-23-06_label_A__0.npy,A
/home/jing/project/dataset/VadCLIP/XD-Violence/XDTestClipFeatures/The.Notebook.2004__#00-25-20_00-29-20_label_A__0.npy,A
/home/jing/project/dataset/VadCLIP/XD-Violence/XDTestClipFeatures/The.Notebook.2004__#01-30-25_01-33-56_label_A__0.npy,A
/home/jing/project/dataset/VadCLIP/XD-Violence/XDTestClipFeatures/The.Notebook.2004__#01-52-20_01-58-00_label_A__0.npy,A
/home/jing/project/dataset/VadCLIP/XD-Violence/XDTestClipFeatures/The.Pursuit.of.Happyness.2006__#00-17-30_00-19-10_label_A__0.npy,A
/home/jing/project/dataset/VadCLIP/XD-Violence/XDTestClipFeatures/The.Pursuit.of.Happyness.2006__#00-30-50_00-32-31_label_A__0.npy,A
/home/jing/project/dataset/VadCLIP/XD-Violence/XDTestClipFeatures/The.Pursuit.of.Happyness.2006__#01-34-18_01-38-11_label_A__0.npy,A
/home/jing/project/dataset/VadCLIP/XD-Violence/XDTestClipFeatures/The.Secret.Life.of.Walter.Mitty.2013__#00-08-55_00-10-50_label_A__0.npy,A
/home/jing/project/dataset/VadCLIP/XD-Violence/XDTestClipFeatures/The.Secret.Life.of.Walter.Mitty.2013__#00-36-52_00-41-00_label_A__0.npy,A
/home/jing/project/dataset/VadCLIP/XD-Violence/XDTestClipFeatures/The.Secret.Life.of.Walter.Mitty.2013__#01-01-20_01-04-00_label_A__0.npy,A
/home/jing/project/dataset/VadCLIP/XD-Violence/XDTestClipFeatures/The.Secret.Life.of.Walter.Mitty.2013__#01-23-00_01-29-08_label_A__0.npy,A
/home/jing/project/dataset/VadCLIP/XD-Violence/XDTestClipFeatures/Thelma...Louise.1991__#01-53-54_01-54-50_label_A__0.npy,A
/home/jing/project/dataset/VadCLIP/XD-Violence/XDTestClipFeatures/Tropa.de.Elite.2.2010__#00-05-30_00-06-30_label_A__0.npy,A
/home/jing/project/dataset/VadCLIP/XD-Violence/XDTestClipFeatures/Tropa.de.Elite.2.2010__#01-30-51_01-32-30_label_A__0.npy,A
/home/jing/project/dataset/VadCLIP/XD-Violence/XDTestClipFeatures/Tropa.de.Elite.2.2010__#01-33-31_01-34-20_label_A__0.npy,A
/home/jing/project/dataset/VadCLIP/XD-Violence/XDTestClipFeatures/Tropa.de.Elite.2007__#00-10-30_00-12-08_label_A__0.npy,A
/home/jing/project/dataset/VadCLIP/XD-Violence/XDTestClipFeatures/Tropa.de.Elite.2007__#00-52-33_00-54-35_label_A__0.npy,A
/home/jing/project/dataset/VadCLIP/XD-Violence/XDTestClipFeatures/Yellow.Sea.2010__#00-10-16_00-11-14_label_A__0.npy,A
/home/jing/project/dataset/VadCLIP/XD-Violence/XDTestClipFeatures/Young.And.Dangerous.I.1996__#0-55-09_0-56-59_label_A__0.npy,A
/home/jing/project/dataset/VadCLIP/XD-Violence/XDTestClipFeatures/Young.And.Dangerous.II.1996__#0-53-25_0-54-20_label_A__0.npy,A
/home/jing/project/dataset/VadCLIP/XD-Violence/XDTestClipFeatures/Young.And.Dangerous.III.1996__#00-15-52_00-17-00_label_A__0.npy,A
/home/jing/project/dataset/VadCLIP/XD-Violence/XDTestClipFeatures/Young.And.Dangerous.IV.1997__#0-10-35_0-11-50_label_A__0.npy,A
/home/jing/project/dataset/VadCLIP/XD-Violence/XDTestClipFeatures/Your.Name.2016__#00-05-52_00-08-22_label_A__0.npy,A
/home/jing/project/dataset/VadCLIP/XD-Violence/XDTestClipFeatures/Your.Name.2016__#01-01-20_01-04-00_label_A__0.npy,A
/home/jing/project/dataset/VadCLIP/XD-Violence/XDTestClipFeatures/v=-5RWxUUJ7lQ__#1_label_A__0.npy,A
/home/jing/project/dataset/VadCLIP/XD-Violence/XDTestClipFeatures/v=-tqHsoEoUyY__#1_label_A__0.npy,A
/home/jing/project/dataset/VadCLIP/XD-Violence/XDTestClipFeatures/v=0LEefpIPBHA__#1_label_A__0.npy,A
/home/jing/project/dataset/VadCLIP/XD-Violence/XDTestClipFeatures/v=0vVOXlgHC1U__#00-12-00_00-18-00_label_A__0.npy,A
/home/jing/project/dataset/VadCLIP/XD-Violence/XDTestClipFeatures/v=0vVOXlgHC1U__#00-48-00_00-54-00_label_A__0.npy,A
/home/jing/project/dataset/VadCLIP/XD-Violence/XDTestClipFeatures/v=1202rYvw7go__#1_label_A__0.npy,A
/home/jing/project/dataset/VadCLIP/XD-Violence/XDTestClipFeatures/v=1EvRIhdsX1s__#1_label_A__0.npy,A
/home/jing/project/dataset/VadCLIP/XD-Violence/XDTestClipFeatures/v=2JJ9d97sd64__#1_label_A__0.npy,A
/home/jing/project/dataset/VadCLIP/XD-Violence/XDTestClipFeatures/v=3MUqt3OkxIo__#1_label_A__0.npy,A
/home/jing/project/dataset/VadCLIP/XD-Violence/XDTestClipFeatures/v=3ZVcLOjwOMk__#1_label_A__0.npy,A
/home/jing/project/dataset/VadCLIP/XD-Violence/XDTestClipFeatures/v=3lSHv_DUbJs__#1_label_A__0.npy,A
/home/jing/project/dataset/VadCLIP/XD-Violence/XDTestClipFeatures/v=4jVgDKbu_TI__#1_label_A__0.npy,A
/home/jing/project/dataset/VadCLIP/XD-Violence/XDTestClipFeatures/v=5AlAh8J3WqE__#1_label_A__0.npy,A
/home/jing/project/dataset/VadCLIP/XD-Violence/XDTestClipFeatures/v=5NZxPmTpV6Y__#1_label_A__0.npy,A
/home/jing/project/dataset/VadCLIP/XD-Violence/XDTestClipFeatures/v=5l-nbDl0qvg__#1_label_A__0.npy,A
/home/jing/project/dataset/VadCLIP/XD-Violence/XDTestClipFeatures/v=6cvZOGzfqWU__#1_label_A__0.npy,A
/home/jing/project/dataset/VadCLIP/XD-Violence/XDTestClipFeatures/v=7smETZfN0XA__#1_label_A__0.npy,A
/home/jing/project/dataset/VadCLIP/XD-Violence/XDTestClipFeatures/v=8SC55pYljMM__#1_label_A__0.npy,A
/home/jing/project/dataset/VadCLIP/XD-Violence/XDTestClipFeatures/v=94zZ9iptP54__#1_label_A__0.npy,A
/home/jing/project/dataset/VadCLIP/XD-Violence/XDTestClipFeatures/v=9FxmNOXF25Q__#1_label_A__0.npy,A
/home/jing/project/dataset/VadCLIP/XD-Violence/XDTestClipFeatures/v=9eME1y6V-T4__#00-42-00_00-48-00_label_A__0.npy,A
/home/jing/project/dataset/VadCLIP/XD-Violence/XDTestClipFeatures/v=9eME1y6V-T4__#01-00-00_01-06-00_label_A__0.npy,A
/home/jing/project/dataset/VadCLIP/XD-Violence/XDTestClipFeatures/v=9eME1y6V-T4__#01-06-00_01-12-00_label_A__0.npy,A
/home/jing/project/dataset/VadCLIP/XD-Violence/XDTestClipFeatures/v=9eME1y6V-T4__#01-18-00_01-24-00_label_A__0.npy,A
/home/jing/project/dataset/VadCLIP/XD-Violence/XDTestClipFeatures/v=9eME1y6V-T4__#01-36-00_01-42-00_label_A__0.npy,A
/home/jing/project/dataset/VadCLIP/XD-Violence/XDTestClipFeatures/v=9eME1y6V-T4__#02-00-00_02-06-00_label_A__0.npy,A
/home/jing/project/dataset/VadCLIP/XD-Violence/XDTestClipFeatures/v=9qxJ6bznkNI__#1_label_A__0.npy,A
/home/jing/project/dataset/VadCLIP/XD-Violence/XDTestClipFeatures/v=AqFWYZsOgWY__#00-21-00_00-24-00_label_A__0.npy,A
/home/jing/project/dataset/VadCLIP/XD-Violence/XDTestClipFeatures/v=AqFWYZsOgWY__#00-33-00_00-36-00_label_A__0.npy,A
/home/jing/project/dataset/VadCLIP/XD-Violence/XDTestClipFeatures/v=BL8ppFg7NKI__#1_label_A__0.npy,A
/home/jing/project/dataset/VadCLIP/XD-Violence/XDTestClipFeatures/v=DdIA1Owbcdc__#1_label_A__0.npy,A
/home/jing/project/dataset/VadCLIP/XD-Violence/XDTestClipFeatures/v=EToznHwS0OA__#1_label_A__0.npy,A
/home/jing/project/dataset/VadCLIP/XD-Violence/XDTestClipFeatures/v=EeUTpfyb0qo__#1_label_A__0.npy,A
/home/jing/project/dataset/VadCLIP/XD-Violence/XDTestClipFeatures/v=Ehh8ZdIMMj4__#1_label_A__0.npy,A
/home/jing/project/dataset/VadCLIP/XD-Violence/XDTestClipFeatures/v=ErOcW_CSOyQ__#1_label_A__0.npy,A
/home/jing/project/dataset/VadCLIP/XD-Violence/XDTestClipFeatures/v=GnN9VTh_s2A__#1_label_A__0.npy,A
/home/jing/project/dataset/VadCLIP/XD-Violence/XDTestClipFeatures/v=GrHfWKeTDEI__#1_label_A__0.npy,A
/home/jing/project/dataset/VadCLIP/XD-Violence/XDTestClipFeatures/v=H12BVHrNiXs__#1_label_A__0.npy,A
/home/jing/project/dataset/VadCLIP/XD-Violence/XDTestClipFeatures/v=H9Y5_X1sEEA__#00-03-00_00-06-00_label_A__0.npy,A
/home/jing/project/dataset/VadCLIP/XD-Violence/XDTestClipFeatures/v=H9Y5_X1sEEA__#00-30-00_00-33-00_label_A__0.npy,A
/home/jing/project/dataset/VadCLIP/XD-Violence/XDTestClipFeatures/v=H9Y5_X1sEEA__#00-36-00_00-39-00_label_A__0.npy,A
/home/jing/project/dataset/VadCLIP/XD-Violence/XDTestClipFeatures/v=H9Y5_X1sEEA__#00-42-00_00-45-00_label_A__0.npy,A
/home/jing/project/dataset/VadCLIP/XD-Violence/XDTestClipFeatures/v=H9Y5_X1sEEA__#00-45-00_00-48-00_label_A__0.npy,A
/home/jing/project/dataset/VadCLIP/XD-Violence/XDTestClipFeatures/v=HTEyaXBPf9U__#1_label_A__0.npy,A
/home/jing/project/dataset/VadCLIP/XD-Violence/XDTestClipFeatures/v=Hd_2Y29_FLU__#1_label_A__0.npy,A
/home/jing/project/dataset/VadCLIP/XD-Violence/XDTestClipFeatures/v=HksDvkX6Bjk__#1_label_A__0.npy,A
/home/jing/project/dataset/VadCLIP/XD-Violence/XDTestClipFeatures/v=I7oSupyExVY__#1_label_A__0.npy,A
/home/jing/project/dataset/VadCLIP/XD-Violence/XDTestClipFeatures/v=JHsfKFF9Oag__#1_label_A__0.npy,A
/home/jing/project/dataset/VadCLIP/XD-Violence/XDTestClipFeatures/v=JzrpCC7XmyE__#00-06-00_00-12-00_label_A__0.npy,A
/home/jing/project/dataset/VadCLIP/XD-Violence/XDTestClipFeatures/v=JzrpCC7XmyE__#01-06-00_01-12-00_label_A__0.npy,A
/home/jing/project/dataset/VadCLIP/XD-Violence/XDTestClipFeatures/v=KERh4R2BbS0__#1_label_A__0.npy,A
/home/jing/project/dataset/VadCLIP/XD-Violence/XDTestClipFeatures/v=KEh6EOQvQO0__#1_label_A__0.npy,A
/home/jing/project/dataset/VadCLIP/XD-Violence/XDTestClipFeatures/v=L2Qs4KyW-Co__#1_label_A__0.npy,A
/home/jing/project/dataset/VadCLIP/XD-Violence/XDTestClipFeatures/v=LYzmr5ORvCg__#1_label_A__0.npy,A
/home/jing/project/dataset/VadCLIP/XD-Violence/XDTestClipFeatures/v=MyM5G7fo7Gg__#00-06-00_00-09-00_label_A__0.npy,A
/home/jing/project/dataset/VadCLIP/XD-Violence/XDTestClipFeatures/v=MyM5G7fo7Gg__#00-18-00_00-21-00_label_A__0.npy,A
/home/jing/project/dataset/VadCLIP/XD-Violence/XDTestClipFeatures/v=NbNFfnVSIn8__#1_label_A__0.npy,A
/home/jing/project/dataset/VadCLIP/XD-Violence/XDTestClipFeatures/v=NeAC-MfTZzU__#00-15-00_00-18-00_label_A__0.npy,A
/home/jing/project/dataset/VadCLIP/XD-Violence/XDTestClipFeatures/v=NjI-AuzKgMc__#1_label_A__0.npy,A
/home/jing/project/dataset/VadCLIP/XD-Violence/XDTestClipFeatures/v=ODGDLQ0TT3M__#1_label_A__0.npy,A
/home/jing/project/dataset/VadCLIP/XD-Violence/XDTestClipFeatures/v=Oh6FDdpH08A__#1_label_A__0.npy,A
/home/jing/project/dataset/VadCLIP/XD-Violence/XDTestClipFeatures/v=Pf7WtK-YPDA__#1_label_A__0.npy,A
/home/jing/project/dataset/VadCLIP/XD-Violence/XDTestClipFeatures/v=Q8b0XbtpFsA__#1_label_A__0.npy,A
/home/jing/project/dataset/VadCLIP/XD-Violence/XDTestClipFeatures/v=QBfO3qfo7zg__#1_label_A__0.npy,A
/home/jing/project/dataset/VadCLIP/XD-Violence/XDTestClipFeatures/v=QUlWIIHMIEQ__#1_label_A__0.npy,A
/home/jing/project/dataset/VadCLIP/XD-Violence/XDTestClipFeatures/v=QiLNvC7CIuY__#1_label_A__0.npy,A
/home/jing/project/dataset/VadCLIP/XD-Violence/XDTestClipFeatures/v=QozLwYYVotY__#1_label_A__0.npy,A
/home/jing/project/dataset/VadCLIP/XD-Violence/XDTestClipFeatures/v=RRiN5W9XwJE__#1_label_A__0.npy,A
/home/jing/project/dataset/VadCLIP/XD-Violence/XDTestClipFeatures/v=RarYGpz-blM__#1_label_A__0.npy,A
/home/jing/project/dataset/VadCLIP/XD-Violence/XDTestClipFeatures/v=S1meRf5BsEw__#1_label_A__0.npy,A
/home/jing/project/dataset/VadCLIP/XD-Violence/XDTestClipFeatures/v=SdYFFo_tsfk__#00-00-00_00-06-00_label_A__0.npy,A
/home/jing/project/dataset/VadCLIP/XD-Violence/XDTestClipFeatures/v=SdYFFo_tsfk__#00-18-00_00-24-00_label_A__0.npy,A
/home/jing/project/dataset/VadCLIP/XD-Violence/XDTestClipFeatures/v=SmFpAAHmoII__#1_label_A__0.npy,A
/home/jing/project/dataset/VadCLIP/XD-Violence/XDTestClipFeatures/v=VGP9qh7U4H0__#1_label_A__0.npy,A
/home/jing/project/dataset/VadCLIP/XD-Violence/XDTestClipFeatures/v=VNQ1Vkz_cM4__#1_label_A__0.npy,A
/home/jing/project/dataset/VadCLIP/XD-Violence/XDTestClipFeatures/v=VRn8Tc02TbU__#00-18-00_00-21-00_label_A__0.npy,A
/home/jing/project/dataset/VadCLIP/XD-Violence/XDTestClipFeatures/v=VcsJf1q9QX8__#1_label_A__0.npy,A
/home/jing/project/dataset/VadCLIP/XD-Violence/XDTestClipFeatures/v=W5qLlC9il3s__#1_label_A__0.npy,A
/home/jing/project/dataset/VadCLIP/XD-Violence/XDTestClipFeatures/v=Wc2QW06H48M__#1_label_A__0.npy,A
/home/jing/project/dataset/VadCLIP/XD-Violence/XDTestClipFeatures/v=Wp6gzFUaci8__#1_label_A__0.npy,A
/home/jing/project/dataset/VadCLIP/XD-Violence/XDTestClipFeatures/v=X60PecZRLGE__#1_label_A__0.npy,A
/home/jing/project/dataset/VadCLIP/XD-Violence/XDTestClipFeatures/v=Yr41_8QOTF8__#00-09-00_00-12-00_label_A__0.npy,A
/home/jing/project/dataset/VadCLIP/XD-Violence/XDTestClipFeatures/v=Yr41_8QOTF8__#00-21-00_00-24-00_label_A__0.npy,A
/home/jing/project/dataset/VadCLIP/XD-Violence/XDTestClipFeatures/v=ZpWR_YZNZTM__#1_label_A__0.npy,A
/home/jing/project/dataset/VadCLIP/XD-Violence/XDTestClipFeatures/v=_Hn2Xlt-IWU__#1_label_A__0.npy,A
/home/jing/project/dataset/VadCLIP/XD-Violence/XDTestClipFeatures/v=a0TQkX_zLt0__#1_label_A__0.npy,A
/home/jing/project/dataset/VadCLIP/XD-Violence/XDTestClipFeatures/v=aBsrZKrRtqU__#1_label_A__0.npy,A
/home/jing/project/dataset/VadCLIP/XD-Violence/XDTestClipFeatures/v=ajnl7P9bf78__#1_label_A__0.npy,A
/home/jing/project/dataset/VadCLIP/XD-Violence/XDTestClipFeatures/v=bU86SW6L7Tc__#1_label_A__0.npy,A
/home/jing/project/dataset/VadCLIP/XD-Violence/XDTestClipFeatures/v=cvEJ5WFk2KE__#00-06-00_00-09-00_label_A__0.npy,A
/home/jing/project/dataset/VadCLIP/XD-Violence/XDTestClipFeatures/v=eAgqJnO3kr8__#00-06-00_00-12-00_label_A__0.npy,A
/home/jing/project/dataset/VadCLIP/XD-Violence/XDTestClipFeatures/v=eAgqJnO3kr8__#00-42-00_00-48-00_label_A__0.npy,A
/home/jing/project/dataset/VadCLIP/XD-Violence/XDTestClipFeatures/v=eAgqJnO3kr8__#00-48-00_00-54-00_label_A__0.npy,A
/home/jing/project/dataset/VadCLIP/XD-Violence/XDTestClipFeatures/v=enYITYwvPAQ__#00-27-00_00-30-00_label_A__0.npy,A
/home/jing/project/dataset/VadCLIP/XD-Violence/XDTestClipFeatures/v=es97CGK_5XQ__#1_label_A__0.npy,A
/home/jing/project/dataset/VadCLIP/XD-Violence/XDTestClipFeatures/v=f6j3YWgVBto__#00-01-50_00-02-30_label_A__0.npy,A
/home/jing/project/dataset/VadCLIP/XD-Violence/XDTestClipFeatures/v=fkps18H3SXY__#00-00-00_00-06-00_label_A__0.npy,A
/home/jing/project/dataset/VadCLIP/XD-Violence/XDTestClipFeatures/v=fkps18H3SXY__#00-36-00_00-42-00_label_A__0.npy,A
/home/jing/project/dataset/VadCLIP/XD-Violence/XDTestClipFeatures/v=fkps18H3SXY__#00-54-00_01-00-00_label_A__0.npy,A
/home/jing/project/dataset/VadCLIP/XD-Violence/XDTestClipFeatures/v=g4FnGZ5MAdo__#1_label_A__0.npy,A
/home/jing/project/dataset/VadCLIP/XD-Violence/XDTestClipFeatures/v=g7fnNf88IOc__#1_label_A__0.npy,A
/home/jing/project/dataset/VadCLIP/XD-Violence/XDTestClipFeatures/v=gGlqujwrhbI__#00-12-00_00-15-00_label_A__0.npy,A
/home/jing/project/dataset/VadCLIP/XD-Violence/XDTestClipFeatures/v=gxrLosPS27c__#1_label_A__0.npy,A
/home/jing/project/dataset/VadCLIP/XD-Violence/XDTestClipFeatures/v=hdy5kZ5dwj8__#1_label_A__0.npy,A
/home/jing/project/dataset/VadCLIP/XD-Violence/XDTestClipFeatures/v=hgoGZZSMhMQ__#1_label_A__0.npy,A
/home/jing/project/dataset/VadCLIP/XD-Violence/XDTestClipFeatures/v=ibYV3e17R5c__#1_label_A__0.npy,A
/home/jing/project/dataset/VadCLIP/XD-Violence/XDTestClipFeatures/v=jAvOGTD7_pU__#00-12-00_00-15-00_label_A__0.npy,A
/home/jing/project/dataset/VadCLIP/XD-Violence/XDTestClipFeatures/v=lVJVRywgmYM__#1_label_A__0.npy,A
/home/jing/project/dataset/VadCLIP/XD-Violence/XDTestClipFeatures/v=ldnLxTablA8__#1_label_A__0.npy,A
/home/jing/project/dataset/VadCLIP/XD-Violence/XDTestClipFeatures/v=lyZxvgPD4gM__#1_label_A__0.npy,A
/home/jing/project/dataset/VadCLIP/XD-Violence/XDTestClipFeatures/v=mfFYGFJhBI4__#1_label_A__0.npy,A
/home/jing/project/dataset/VadCLIP/XD-Violence/XDTestClipFeatures/v=n0AhGnEjako__#1_label_A__0.npy,A
/home/jing/project/dataset/VadCLIP/XD-Violence/XDTestClipFeatures/v=p2ggHwtb-Zg__#00-21-00_00-24-00_label_A__0.npy,A
/home/jing/project/dataset/VadCLIP/XD-Violence/XDTestClipFeatures/v=p2ggHwtb-Zg__#00-24-00_00-27-00_label_A__0.npy,A
/home/jing/project/dataset/VadCLIP/XD-Violence/XDTestClipFeatures/v=pCyCi-q4MqY__#1_label_A__0.npy,A
/home/jing/project/dataset/VadCLIP/XD-Violence/XDTestClipFeatures/v=plhVMWR33go__#1_label_A__0.npy,A
/home/jing/project/dataset/VadCLIP/XD-Violence/XDTestClipFeatures/v=q2SP66Jb6Cw__#00-00-00_00-06-00_label_A__0.npy,A
/home/jing/project/dataset/VadCLIP/XD-Violence/XDTestClipFeatures/v=qV4YYnXdQCc__#00-03-00_00-06-00_label_A__0.npy,A
/home/jing/project/dataset/VadCLIP/XD-Violence/XDTestClipFeatures/v=qhUItxoTrmg__#1_label_A__0.npy,A
/home/jing/project/dataset/VadCLIP/XD-Violence/XDTestClipFeatures/v=rJgg00ic1G8__#1_label_A__0.npy,A
/home/jing/project/dataset/VadCLIP/XD-Violence/XDTestClipFeatures/v=rmDBn5Rpd3s__#1_label_A__0.npy,A
/home/jing/project/dataset/VadCLIP/XD-Violence/XDTestClipFeatures/v=smnw0Q7AxFQ__#1_label_A__0.npy,A
/home/jing/project/dataset/VadCLIP/XD-Violence/XDTestClipFeatures/v=tI7fktKY6OU__#1_label_A__0.npy,A
/home/jing/project/dataset/VadCLIP/XD-Violence/XDTestClipFeatures/v=t_TZYpT6xjY__#1_label_A__0.npy,A
/home/jing/project/dataset/VadCLIP/XD-Violence/XDTestClipFeatures/v=tlFJIG9mTGQ__#00-12-00_00-15-00_label_A__0.npy,A
/home/jing/project/dataset/VadCLIP/XD-Violence/XDTestClipFeatures/v=tlFJIG9mTGQ__#00-15-00_00-18-36_label_A__0.npy,A
/home/jing/project/dataset/VadCLIP/XD-Violence/XDTestClipFeatures/v=usAvzbDq6-c__#00-03-00_00-06-00_label_A__0.npy,A
/home/jing/project/dataset/VadCLIP/XD-Violence/XDTestClipFeatures/v=usAvzbDq6-c__#00-18-00_00-21-00_label_A__0.npy,A
/home/jing/project/dataset/VadCLIP/XD-Violence/XDTestClipFeatures/v=usAvzbDq6-c__#00-21-00_00-24-00_label_A__0.npy,A
/home/jing/project/dataset/VadCLIP/XD-Violence/XDTestClipFeatures/v=uyvM-vq5DwA__#1_label_A__0.npy,A
/home/jing/project/dataset/VadCLIP/XD-Violence/XDTestClipFeatures/v=vFPQ_NiDBIU__#00-42-00_00-48-00_label_A__0.npy,A
/home/jing/project/dataset/VadCLIP/XD-Violence/XDTestClipFeatures/v=vFPQ_NiDBIU__#01-00-00_01-06-00_label_A__0.npy,A
/home/jing/project/dataset/VadCLIP/XD-Violence/XDTestClipFeatures/v=vFPQ_NiDBIU__#01-48-00_01-54-00_label_A__0.npy,A
/home/jing/project/dataset/VadCLIP/XD-Violence/XDTestClipFeatures/v=vFPQ_NiDBIU__#02-42-00_02-48-00_label_A__0.npy,A
/home/jing/project/dataset/VadCLIP/XD-Violence/XDTestClipFeatures/v=vHnAmx0UYbM__#1_label_A__0.npy,A
/home/jing/project/dataset/VadCLIP/XD-Violence/XDTestClipFeatures/v=vQ9AwVrM9pU__#1_label_A__0.npy,A
/home/jing/project/dataset/VadCLIP/XD-Violence/XDTestClipFeatures/v=vp_W8CqtCug__#1_label_A__0.npy,A
/home/jing/project/dataset/VadCLIP/XD-Violence/XDTestClipFeatures/v=vsI_pKNcgeQ__#00-15-00_00-18-00_label_A__0.npy,A
/home/jing/project/dataset/VadCLIP/XD-Violence/XDTestClipFeatures/v=wQrV75N2BrI__#1_label_A__0.npy,A
/home/jing/project/dataset/VadCLIP/XD-Violence/XDTestClipFeatures/v=x0-z4h6mFoU__#1_label_A__0.npy,A
/home/jing/project/dataset/VadCLIP/XD-Violence/XDTestClipFeatures/v=y7JEq-kf-2I__#00-01-50_00-02-30_label_A__0.npy,A
/home/jing/project/dataset/VadCLIP/XD-Violence/XDTestClipFeatures/v=y7vIfdKwHDk__#1_label_A__0.npy,A
/home/jing/project/dataset/VadCLIP/XD-Violence/XDTestClipFeatures/v=yZ2wlTAN49g__#00-03-00_00-06-00_label_A__0.npy,A
/home/jing/project/dataset/VadCLIP/XD-Violence/XDTestClipFeatures/v=yviKz5J-pEA__#1_label_A__0.npy,A
/home/jing/project/dataset/VadCLIP/XD-Violence/XDTestClipFeatures/wangted.2008__#0-27-17_0-28-07_label_A__0.npy,A
